symbol,company_name,sector,industry,isin,market_cap_category,nifty50,nifty_next50,listing_status
20MICRONS,20 Microns Ltd,Unknown,Unknown,INE144J01027,Unknown,false,false,Listed
21STCENMGM,21st Century Management Services Ltd,Unknown,Unknown,INE253B01015,Unknown,false,false,Listed
360ONE,360 ONE WAM Ltd,Financial Services,Financial Services,INE466L01038,Mid Cap,false,false,Listed
3BBLACKBIO,3B Blackbio Dx Ltd,Unknown,Unknown,INE994E01018,Unknown,false,false,Listed
3IINFOLTD,3i Infotech Ltd,Unknown,Unknown,INE748C01038,Unknown,false,false,Listed
3MINDIA,3M India Ltd,Diversified,Diversified,INE470A01017,Mid Cap,false,false,Listed
3PLAND,3P Land Holdings Ltd,Unknown,Unknown,INE105C01023,Unknown,false,false,Listed
5PAISA,5Paisa Capital Ltd,Unknown,Unknown,INE618L01018,Unknown,false,false,Listed
63MOONS,63 moons technologies Ltd,Unknown,Unknown,INE111B01023,Unknown,false,false,Listed
A2ZINFRA,A2Z Infra Engineering Ltd,Unknown,Unknown,INE619I01012,Unknown,false,false,Listed
AAATECH,AAA Technologies Ltd,Unknown,Unknown,INE0D0U01013,Unknown,false,false,Listed
AADHARHFC,Aadhar Housing Finance Ltd,Financial Services,Financial Services,INE883F01010,Small Cap,false,false,Listed
AAKASH,Aakash Exploration Services Ltd,Unknown,Unknown,INE087Z01024,Unknown,false,false,Listed
AARNAV,Aarnav Fashions Ltd,Unknown,Unknown,INE750R01016,Unknown,false,false,Listed
AARON,Aaron Industries Ltd,Unknown,Unknown,INE721Z01010,Unknown,false,false,Listed
AARTECH,Aartech Solonics Ltd,Unknown,Unknown,INE01C001026,Unknown,false,false,Listed
AARTIDRUGS,Aarti Drugs Ltd,Healthcare,Healthcare,INE767A01016,Micro Cap,false,false,Listed
AARTIIND,Aarti Industries Ltd,Chemicals,Chemicals,INE769A01020,Small Cap,false,false,Listed
AARTIPHARM,Aarti Pharmalabs Ltd,Healthcare,Healthcare,INE0LRU01027,Micro Cap,false,false,Listed
AARTISURF,Aarti Surfactants Ltd,Unknown,Unknown,INE09EO01013,Unknown,false,false,Listed
AARVI,Aarvi Encon Ltd,Unknown,Unknown,INE754X01016,Unknown,false,false,Listed
AAVAS,Aavas Financiers Ltd,Financial Services,Financial Services,INE216P01012,Small Cap,false,false,Listed
ABB,ABB India Ltd,Capital Goods,Capital Goods,INE117A01022,Large Cap,false,true,Listed
ABBOTINDIA,Abbott India Ltd,Healthcare,Healthcare,INE358A01014,Mid Cap,false,false,Listed
ABCAPITAL,Aditya Birla Capital Ltd,Financial Services,Financial Services,INE674K01013,Mid Cap,false,false,Listed
ABCOTS,A B Cotspin India Ltd,Unknown,Unknown,INE08PH01015,Unknown,false,false,Listed
ABDL,Allied Blenders and Distillers Ltd,Fast Moving Consumer Goods,Fast Moving Consumer Goods,INE552Z01027,Small Cap,false,false,Listed
ABFRL,Aditya Birla Fashion and Retail Ltd,Consumer Services,Consumer Services,INE647O01011,Small Cap,false,false,Listed
ABINFRA,A B Infrabuild Ltd,Unknown,Unknown,INE00YB01025,Unknown,false,false,Listed
ABLBL,Aditya Birla Lifestyle Brands Ltd,Consumer Services,Consumer Services,INE14LE01019,Small Cap,false,false,Listed
ABMINTLLTD,ABM International Ltd,Unknown,Unknown,INE251C01025,Unknown,false,false,Listed
ABMKNO,ABM Knowledgeware Ltd,Unknown,Unknown,INE850B01026,Unknown,false,false,Listed
ABREL,Aditya Birla Real Estate Ltd,Realty,Realty,INE055A01016,Small Cap,false,false,Listed
ABSLAMC,Aditya Birla Sun Life AMC Ltd,Financial Services,Financial Services,INE404A01024,Small Cap,false,false,Listed
ACC,ACC Ltd,Construction Materials,Construction Materials,INE012A01025,Mid Cap,false,false,Listed
ACCELYA,Accelya Solutions India Ltd,Unknown,Unknown,INE793A01012,Unknown,false,false,Listed
ACE,Action Construction Equipment Ltd,Capital Goods,Capital Goods,INE731H01025,Small Cap,false,false,Listed
ACEINTEG,Ace Integrated Solutions Ltd,Unknown,Unknown,INE543V01017,Unknown,false,false,Listed
ACI,Archean Chemical Industries Ltd,Chemicals,Chemicals,INE128X01021,Micro Cap,false,false,Listed
ACL,Andhra Cements Ltd,Unknown,Unknown,INE666E01020,Unknown,false,false,Listed
ACMESOLAR,Acme Solar Holdings Ltd,Power,Power,INE622W01025,Small Cap,false,false,Listed
ACSTECH,ACS Technologies Ltd,Unknown,Unknown,INE366C01021,Unknown,false,false,Listed
ACUTAAS,Acutaas Chemicals Ltd,Healthcare,Healthcare,INE00FF01025,Small Cap,false,false,Listed
ADANIENSOL,Adani Energy Solutions Ltd,Power,Power,INE931S01010,Large Cap,false,true,Listed
ADANIENT,Adani Enterprises Ltd,Metals & Mining,Metals & Mining,INE423A01024,Large Cap,true,false,Listed
ADANIGREEN,Adani Green Energy Ltd,Power,Power,INE364U01010,Large Cap,false,true,Listed
ADANIPORTS,Adani Ports and Special Economic Zone Ltd,Services,Services,INE742F01042,Large Cap,true,false,Listed
ADANIPOWER,Adani Power Ltd,Power,Power,INE814H01029,Large Cap,false,true,Listed
ADFFOODS,ADF Foods Ltd,Unknown,Unknown,INE982B01027,Unknown,false,false,Listed
ADL,Archidply Decor Ltd,Unknown,Unknown,INE0CHO01012,Unknown,false,false,Listed
ADOR,Ador Welding Ltd,Unknown,Unknown,INE045A01017,Unknown,false,false,Listed
ADROITINFO,Adroit Infotech Ltd,Unknown,Unknown,INE737B01033,Unknown,false,false,Listed
ADSL,Allied Digital Services Ltd,Unknown,Unknown,INE102I01027,Unknown,false,false,Listed
ADVAIT,Advait Energy Transitions Ltd,Unknown,Unknown,INE0ALI01010,Unknown,false,false,Listed
ADVANCE,Advance Agrolife Ltd,Unknown,Unknown,INE1B0W01010,Unknown,false,false,Listed
ADVANIHOTR,Advani Hotels & Resorts (India) Ltd,Unknown,Unknown,INE199C01026,Unknown,false,false,Listed
ADVENTHTL,Advent Hotels International Ltd,Unknown,Unknown,INE28GN01010,Unknown,false,false,Listed
ADVENZYMES,Advanced Enzyme Technologies Ltd,Healthcare,Healthcare,INE837H01020,Micro Cap,false,false,Listed
AEGISLOG,Aegis Logistics Ltd,Oil Gas & Consumable Fuels,Oil Gas & Consumable Fuels,INE208C01025,Small Cap,false,false,Listed
AEGISVOPAK,Aegis Vopak Terminals Ltd,Oil Gas & Consumable Fuels,Oil Gas & Consumable Fuels,INE0INX01018,Small Cap,false,false,Listed
AEPL,Artemis Electricals and Projects Ltd,Unknown,Unknown,INE757T01025,Unknown,false,false,Listed
AEQUS,Aequs Ltd,Capital Goods,Capital Goods,INE947N01017,Micro Cap,false,false,Listed
AEROENTER,Aeroflex Enterprises Ltd,Unknown,Unknown,INE065D01027,Unknown,false,false,Listed
AEROFLEX,Aeroflex Industries Ltd,Unknown,Unknown,INE024001021,Unknown,false,false,Listed
AERONEU,Aeroflex Neu Ltd,Unknown,Unknown,INE035801013,Unknown,false,false,Listed
AETHER,Aether Industries Ltd,Chemicals,Chemicals,INE0BWX01014,Micro Cap,false,false,Listed
AFCONS,Afcons Infrastructure Ltd,Construction,Construction,INE101I01011,Small Cap,false,false,Listed
AFFLE,Affle 3i Ltd,Information Technology,Information Technology,INE00WC01027,Small Cap,false,false,Listed
AFSL,Abans Financial Services Ltd,Unknown,Unknown,INE00ZE01026,Unknown,false,false,Listed
AGARIND,Agarwal Industrial Corporation Ltd,Unknown,Unknown,INE204E01012,Unknown,false,false,Listed
AGARWALEYE,Dr. Agarwal's Health Care Ltd,Healthcare,Healthcare,INE943P01029,Micro Cap,false,false,Listed
AGI,AGI Greenpac Ltd,Unknown,Unknown,INE415A01038,Unknown,false,false,Listed
AGIIL,Agi Infra Ltd,Unknown,Unknown,INE976R01033,Unknown,false,false,Listed
AGL,Allcargo Global Ltd.,Services,Services,INE1YPB01014,Micro Cap,false,false,Listed
AGROPHOS,Agro Phos India Ltd,Unknown,Unknown,INE740V01019,Unknown,false,false,Listed
AHCL,Anlon Healthcare Ltd,Unknown,Unknown,INE0Y8W01025,Unknown,false,false,Listed
AHLADA,Ahlada Engineers Ltd,Unknown,Unknown,INE00PV01013,Unknown,false,false,Listed
AHLEAST,Asian Hotels (East) Ltd,Unknown,Unknown,INE926K01017,Unknown,false,false,Listed
AHLUCONT,Ahluwalia Contracts (India) Ltd,Construction,Construction,INE758C01029,Micro Cap,false,false,Listed
AIAENG,AIA Engineering Ltd,Capital Goods,Capital Goods,INE212H01026,Mid Cap,false,false,Listed
AIIL,Authum Investment & Infrastructure Ltd,Financial Services,Financial Services,INE206F01022,Mid Cap,false,false,Listed
AIRAN,Airan Ltd,Unknown,Unknown,INE645W01026,Unknown,false,false,Listed
AIROLAM,Airo Lam Ltd,Unknown,Unknown,INE801L01010,Unknown,false,false,Listed
AJANTPHARM,Ajanta Pharma Ltd,Healthcare,Healthcare,INE031B01049,Mid Cap,false,false,Listed
AJAXENGG,Ajax Engineering Ltd,Unknown,Unknown,INE274Y01021,Unknown,false,false,Listed
AJMERA,Ajmera Realty & Infra India Ltd,Unknown,Unknown,INE298G01035,Unknown,false,false,Listed
AJOONI,Ajooni Biotech Ltd,Unknown,Unknown,INE820Y01021,Unknown,false,false,Listed
AKASH,Akash Infra-Projects Ltd,Unknown,Unknown,INE737W01013,Unknown,false,false,Listed
AKCAPIT,AK Capital Services Ltd,Unknown,Unknown,INE701G01012,Unknown,false,false,Listed
AKG,Akg Exim Ltd,Unknown,Unknown,INE00Y801016,Unknown,false,false,Listed
AKI,AKI India Ltd,Unknown,Unknown,INE642Z01026,Unknown,false,false,Listed
AKSHAR,Akshar Spintex Ltd,Unknown,Unknown,INE256Z01025,Unknown,false,false,Listed
AKUMS,Akums Drugs and Pharmaceuticals Ltd,Healthcare,Healthcare,INE09XN01023,Micro Cap,false,false,Listed
ALANKIT,Alankit Ltd,Unknown,Unknown,INE914E01040,Unknown,false,false,Listed
ALBERTDAVD,Albert David Ltd,Unknown,Unknown,INE155C01010,Unknown,false,false,Listed
ALEMBICLTD,Alembic Ltd,Unknown,Unknown,INE426A01027,Unknown,false,false,Listed
ALGOQUANT,Algoquant Fintech Ltd,Unknown,Unknown,INE598D01035,Unknown,false,false,Listed
ALICON,Alicon Castalloy Ltd,Unknown,Unknown,INE062D01024,Unknown,false,false,Listed
ALIVUS,Alivus Life Sciences Ltd,Healthcare,Healthcare,INE03Q201024,Micro Cap,false,false,Listed
ALKEM,Alkem Laboratories Ltd,Healthcare,Healthcare,INE540L01014,Mid Cap,false,false,Listed
ALKYLAMINE,Alkyl Amines Chemicals Ltd,Chemicals,Chemicals,INE150B01039,Micro Cap,false,false,Listed
ALLCARGO,Allcargo Logistics Ltd,Unknown,Unknown,INE418H01029,Unknown,false,false,Listed
ALLDIGI,Alldigi Tech Ltd,Unknown,Unknown,INE835G01018,Unknown,false,false,Listed
ALLTIME,All Time Plastics Ltd,Unknown,Unknown,INE0GV601021,Unknown,false,false,Listed
ALMONDZ,Almondz Global Securities Ltd,Unknown,Unknown,INE326B01035,Unknown,false,false,Listed
ALOKINDS,Alok Industries Ltd,Textiles,Textiles,INE270A01029,Micro Cap,false,false,Listed
ALPA,Alpa Laboratories Ltd,Unknown,Unknown,INE385I01010,Unknown,false,false,Listed
ALPHAGEO,Alphageo (India) Ltd,Unknown,Unknown,INE137C01018,Unknown,false,false,Listed
AMAGI,Amagi Media Labs Ltd,Unknown,Unknown,INE121R01077,Unknown,false,false,Listed
AMBALALSA,Ambalal Sarabhai Enterprises Ltd,Unknown,Unknown,INE432A01017,Unknown,false,false,Listed
AMBER,Amber Enterprises India Ltd,Consumer Durables,Consumer Durables,INE371P01015,Small Cap,false,false,Listed
AMBICAAGAR,Ambica Agarbathies & Aroma industries Ltd,Unknown,Unknown,INE792B01012,Unknown,false,false,Listed
AMBIKCO,Ambika Cotton Mills Ltd,Unknown,Unknown,INE540G01014,Unknown,false,false,Listed
AMBUJACEM,Ambuja Cements Ltd,Construction Materials,Construction Materials,INE079A01024,Large Cap,false,true,Listed
AMDIND,AMD Industries Ltd,Unknown,Unknown,INE005I01014,Unknown,false,false,Listed
AMIRCHAND,Amir Chand Jagdish Kumar (Exports) Ltd,Unknown,Unknown,INE05TO01019,Unknown,false,false,Listed
AMJLAND,Amj Land Holdings Ltd,Unknown,Unknown,INE606A01024,Unknown,false,false,Listed
AMNPLST,Amines & Plasticizers Ltd,Unknown,Unknown,INE275D01022,Unknown,false,false,Listed
AMRUTANJAN,Amrutanjan Health Care Ltd,Unknown,Unknown,INE098F01031,Unknown,false,false,Listed
ANANDRATHI,Anand Rathi Wealth Ltd,Financial Services,Financial Services,INE463V01026,Small Cap,false,false,Listed
ANANTRAJ,Anant Raj Ltd,Realty,Realty,INE242C01024,Small Cap,false,false,Listed
ANDHRAPAP,ANDHRA PAPER Ltd,Unknown,Unknown,INE435A01051,Unknown,false,false,Listed
ANDHRSUGAR,The Andhra Sugars Ltd,Unknown,Unknown,INE715B01021,Unknown,false,false,Listed
ANGELONE,Angel One Ltd,Financial Services,Financial Services,INE732I01021,Small Cap,false,false,Listed
ANMOL,Anmol India Ltd,Unknown,Unknown,INE02AR01019,Unknown,false,false,Listed
ANTELOPUS,Antelopus Selan Energy Ltd,Unknown,Unknown,INE818A01017,Unknown,false,false,Listed
ANTGRAPHIC,Antarctica Ltd,Unknown,Unknown,INE414B01021,Unknown,false,false,Listed
ANTHEM,Anthem Biosciences Ltd,Healthcare,Healthcare,INE0CZ201020,Mid Cap,false,false,Listed
ANUHPHR,Anuh Pharma Ltd,Unknown,Unknown,INE489G01022,Unknown,false,false,Listed
ANUP,The Anup Engineering Ltd,Capital Goods,Capital Goods,INE294Z01018,Micro Cap,false,false,Listed
ANURAS,Anupam Rasayan India Ltd,Chemicals,Chemicals,INE930P01018,Small Cap,false,false,Listed
APARINDS,Apar Industries Ltd,Capital Goods,Capital Goods,INE372A01015,Mid Cap,false,false,Listed
APCL,Anjani Portland Cement Ltd,Unknown,Unknown,INE071F01012,Unknown,false,false,Listed
APCOTEXIND,Apcotex Industries Ltd,Unknown,Unknown,INE116A01032,Unknown,false,false,Listed
APEX,Apex Frozen Foods Ltd,Unknown,Unknown,INE346W01013,Unknown,false,false,Listed
APLAPOLLO,APL Apollo Tubes Ltd,Capital Goods,Capital Goods,INE702C01027,Mid Cap,false,false,Listed
APLLTD,Alembic Pharmaceuticals Ltd,Healthcare,Healthcare,INE901L01018,Micro Cap,false,false,Listed
APOLLO,Apollo Micro Systems Ltd,Capital Goods,Capital Goods,INE713T01028,Micro Cap,false,false,Listed
APOLLOHOSP,Apollo Hospitals Enterprise Ltd,Healthcare,Healthcare,INE437A01024,Large Cap,true,false,Listed
APOLLOPIPE,Apollo Pipes Ltd,Unknown,Unknown,INE126J01016,Unknown,false,false,Listed
APOLLOTYRE,Apollo Tyres Ltd,Automobile and Auto Components,Automobile and Auto Components,INE438A01022,Mid Cap,false,false,Listed
APOLSINHOT,Apollo Sindoori Hotels Ltd,Unknown,Unknown,INE451F01024,Unknown,false,false,Listed
APTUS,Aptus Value Housing Finance India Ltd,Financial Services,Financial Services,INE852O01025,Small Cap,false,false,Listed
AQYLON,Aqylon Nexus Ltd,Unknown,Unknown,INE416A01051,Unknown,false,false,Listed
ARCHIDPLY,Archidply Industries Ltd,Unknown,Unknown,INE877I01016,Unknown,false,false,Listed
ARCHIES,Archies Ltd,Unknown,Unknown,INE731A01020,Unknown,false,false,Listed
ARE&M,Amara Raja Energy & Mobility Ltd,Automobile and Auto Components,Automobile and Auto Components,INE885A01032,Small Cap,false,false,Listed
ARENTERP,Rajdarshan Industries Ltd,Unknown,Unknown,INE610C01014,Unknown,false,false,Listed
ARFIN,Arfin India Ltd,Unknown,Unknown,INE784R01023,Unknown,false,false,Listed
ARIES,Aries Agro Ltd,Unknown,Unknown,INE298I01015,Unknown,false,false,Listed
ARIHANT,Arihant Foundations & Housing Ltd,Unknown,Unknown,INE413D01011,Unknown,false,false,Listed
ARIHANTCAP,Arihant Capital Markets Ltd,Unknown,Unknown,INE420B01036,Unknown,false,false,Listed
ARIHANTSUP,Arihant Superstructures Ltd,Unknown,Unknown,INE643K01018,Unknown,false,false,Listed
ARIS,Arisinfra Solutions Ltd,Unknown,Unknown,INE0H9P01028,Unknown,false,false,Listed
ARKADE,Arkade Developers Ltd,Unknown,Unknown,INE0QRL01017,Unknown,false,false,Listed
ARMANFIN,Arman Financial Services Ltd,Unknown,Unknown,INE109C01017,Unknown,false,false,Listed
AROGRANITE,Aro Granite Industries Ltd,Unknown,Unknown,INE210C01013,Unknown,false,false,Listed
ARSSBL,Anand Rathi Share and Stock Brokers Ltd,Unknown,Unknown,INE549H01021,Unknown,false,false,Listed
ARTEMISMED,Artemis Medicare Services Ltd,Unknown,Unknown,INE025R01021,Unknown,false,false,Listed
ARTNIRMAN,Art Nirman Ltd,Unknown,Unknown,INE738V01013,Unknown,false,false,Listed
ARVEE,Arvee Laboratories (India) Ltd,Unknown,Unknown,INE006Z01016,Unknown,false,false,Listed
ARVIND,Arvind Ltd,Textiles,Textiles,INE034A01011,Micro Cap,false,false,Listed
ARVINDFASN,Arvind Fashions Ltd,Consumer Services,Consumer Services,INE955V01021,Micro Cap,false,false,Listed
ARVSMART,Arvind SmartSpaces Ltd,Unknown,Unknown,INE034S01021,Unknown,false,false,Listed
ASAHIINDIA,Asahi India Glass Ltd,Automobile and Auto Components,Automobile and Auto Components,INE439A01020,Small Cap,false,false,Listed
ASAHISONG,Asahi Songwon Colors Ltd,Unknown,Unknown,INE228I01012,Unknown,false,false,Listed
ASAL,Automotive Stampings and Assemblies Ltd,Unknown,Unknown,INE900C01027,Unknown,false,false,Listed
ASALCBR,Associated Alcohols & Breweries Ltd.,Unknown,Unknown,INE073G01016,Unknown,false,false,Listed
ASHAPURMIN,Ashapura Minechem Ltd,Metals & Mining,Metals & Mining,INE348A01023,Micro Cap,false,false,Listed
ASHIANA,Ashiana Housing Ltd,Unknown,Unknown,INE365D01021,Unknown,false,false,Listed
ASHIKA,Ashika Credit Capital Ltd,Unknown,Unknown,INE094B01013,Unknown,false,false,Listed
ASHIMASYN,Ashima Ltd,Unknown,Unknown,INE440A01010,Unknown,false,false,Listed
ASHOKA,Ashoka Buildcon Ltd,Construction,Construction,INE442H01029,Micro Cap,false,false,Listed
ASHOKAMET,Ashoka Metcast Ltd,Unknown,Unknown,INE760Y01011,Unknown,false,false,Listed
ASHOKLEY,Ashok Leyland Ltd,Capital Goods,Capital Goods,INE208A01029,Mid Cap,false,false,Listed
ASIANENE,Asian Energy Services Ltd,Unknown,Unknown,INE276G01015,Unknown,false,false,Listed
ASIANHOTNR,Asian Hotels (North) Ltd,Unknown,Unknown,INE363A01022,Unknown,false,false,Listed
ASIANPAINT,Asian Paints Ltd,Consumer Durables,Consumer Durables,INE021A01026,Large Cap,true,false,Listed
ASIANTILES,Asian Granito India Ltd,Unknown,Unknown,INE022I01019,Unknown,false,false,Listed
ASKAUTOLTD,ASK Automotive Ltd,Automobile and Auto Components,Automobile and Auto Components,INE491J01022,Micro Cap,false,false,Listed
ASPINWALL,Aspinwall and Company Ltd,Unknown,Unknown,INE991I01015,Unknown,false,false,Listed
ASTAR,Asian Star Company Ltd,Unknown,Unknown,INE194D01017,Unknown,false,false,Listed
ASTEC,Astec LifeSciences Ltd,Unknown,Unknown,INE563J01010,Unknown,false,false,Listed
ASTERDM,Aster DM Healthcare Ltd,Healthcare,Healthcare,INE914M01019,Small Cap,false,false,Listed
ASTRAL,Astral Ltd,Capital Goods,Capital Goods,INE006I01046,Mid Cap,false,false,Listed
ASTRAMICRO,Astra Microwave Products Ltd,Capital Goods,Capital Goods,INE386C01029,Micro Cap,false,false,Listed
ASTRAZEN,AstraZeneca Pharma India Ltd,Unknown,Unknown,INE203A01020,Unknown,false,false,Listed
ATALREAL,Atal Realtech Ltd,Unknown,Unknown,INE0ALR01029,Unknown,false,false,Listed
ATAM,Atam Valves Ltd,Unknown,Unknown,INE09KD01013,Unknown,false,false,Listed
ATGL,Adani Total Gas Ltd,Oil Gas & Consumable Fuels,Oil Gas & Consumable Fuels,INE399L01023,Mid Cap,false,false,Listed
ATHERENERG,Ather Energy Ltd,Automobile and Auto Components,Automobile and Auto Components,INE0LEZ01016,Small Cap,false,false,Listed
ATL,Allcargo Terminals Ltd,Unknown,Unknown,INE0NN701020,Unknown,false,false,Listed
ATLANTAA,ATLANTAA Ltd,Unknown,Unknown,INE285H01022,Unknown,false,false,Listed
ATLANTAELE,Atlanta Electricals Ltd,Capital Goods,Capital Goods,INE0Z4F01028,Micro Cap,false,false,Listed
ATLASCYCLE,Atlas Cycles (Haryana) Ltd,Unknown,Unknown,INE446A01025,Unknown,false,false,Listed
ATUL,Atul Ltd,Chemicals,Chemicals,INE100A01010,Small Cap,false,false,Listed
ATULAUTO,Atul Auto Ltd,Unknown,Unknown,INE951D01028,Unknown,false,false,Listed
AUBANK,AU Small Finance Bank Ltd,Financial Services,Financial Services,INE949L01017,Mid Cap,false,false,Listed
AURIGROW,Auri Grow India Ltd,Unknown,Unknown,INE925Y01036,Unknown,false,false,Listed
AURIONPRO,Aurionpro Solutions Ltd,Information Technology,Information Technology,INE132H01018,Micro Cap,false,false,Listed
AUROPHARMA,Aurobindo Pharma Ltd,Healthcare,Healthcare,INE406A01037,Mid Cap,false,false,Listed
AURUM,Aurum PropTech Ltd,Unknown,Unknown,INE898S01029,Unknown,false,false,Listed
AUTOAXLES,Automotive Axles Ltd,Unknown,Unknown,INE449A01011,Unknown,false,false,Listed
AVALON,Avalon Technologies Ltd,Capital Goods,Capital Goods,INE0LCL01028,Micro Cap,false,false,Listed
AVANTEL,Avantel Ltd,Unknown,Unknown,INE005B01027,Unknown,false,false,Listed
AVANTIFEED,Avanti Feeds Ltd,Fast Moving Consumer Goods,Fast Moving Consumer Goods,INE871C01038,Micro Cap,false,false,Listed
AVL,Aditya Vision Ltd,Consumer Services,Consumer Services,INE679V01027,Micro Cap,false,false,Listed
AVONMORE,Avonmore Capital & Management Services Ltd,Unknown,Unknown,INE323B01024,Unknown,false,false,Listed
AVROIND,AVRO INDIA Ltd,Unknown,Unknown,INE652Z01025,Unknown,false,false,Listed
AVTNPL,AVT Natural Products Ltd,Unknown,Unknown,INE488D01021,Unknown,false,false,Listed
AWFIS,Awfis Space Solutions Ltd,Services,Services,INE108V01019,Micro Cap,false,false,Listed
AWHCL,Antony Waste Handling Cell Ltd,Unknown,Unknown,INE01BK01022,Unknown,false,false,Listed
AWL,AWL Agri Business Ltd,Fast Moving Consumer Goods,Fast Moving Consumer Goods,INE699H01024,Mid Cap,false,false,Listed
AXISBANK,Axis Bank Ltd,Financial Services,Financial Services,INE238A01034,Large Cap,true,false,Listed
AXISCADES,AXISCADES Technologies Ltd,Capital Goods,Capital Goods,INE555B01013,Micro Cap,false,false,Listed
AXITA,Axita Cotton Ltd,Unknown,Unknown,INE02EZ01022,Unknown,false,false,Listed
AYE,Aye Finance Ltd,Unknown,Unknown,INE501X01029,Unknown,false,false,Listed
AYMSYNTEX,AYM Syntex Ltd,Unknown,Unknown,INE193B01039,Unknown,false,false,Listed
AZAD,Azad Engineering Ltd,Capital Goods,Capital Goods,INE02IJ01035,Micro Cap,false,false,Listed
BAGFILMS,B.A.G Films and Media Ltd,Unknown,Unknown,INE116D01028,Unknown,false,false,Listed
BAIDFIN,Baid Finserv Ltd,Unknown,Unknown,INE020D01022,Unknown,false,false,Listed
BAJAJ-AUTO,Bajaj Auto Ltd,Automobile and Auto Components,Automobile and Auto Components,INE917I01010,Large Cap,true,false,Listed
BAJAJCON,Bajaj Consumer Care Ltd,Unknown,Unknown,INE933K01021,Unknown,false,false,Listed
BAJAJELEC,Bajaj Electricals Ltd,Consumer Durables,Consumer Durables,INE193E01025,Micro Cap,false,false,Listed
BAJAJFINSV,Bajaj Finserv Ltd,Financial Services,Financial Services,INE918I01026,Large Cap,true,false,Listed
BAJAJHCARE,Bajaj Healthcare Ltd,Unknown,Unknown,INE411U01027,Unknown,false,false,Listed
BAJAJHFL,Bajaj Housing Finance Ltd,Financial Services,Financial Services,INE377Y01014,Mid Cap,false,false,Listed
BAJAJHIND,Bajaj Hindusthan Sugar Ltd,Unknown,Unknown,INE306A01021,Unknown,false,false,Listed
BAJAJHLDNG,Bajaj Holdings & Investment Ltd,Financial Services,Financial Services,INE118A01012,Large Cap,false,true,Listed
BAJAJINDEF,Indef Manufacturing Ltd,Unknown,Unknown,INE0O9T01021,Unknown,false,false,Listed
BAJAJST,Bajaj Steel Industries Ltd,Unknown,Unknown,INE704G01024,Unknown,false,false,Listed
BAJEL,Bajel Projects Ltd,Unknown,Unknown,INE0KQN01018,Unknown,false,false,Listed
BAJFINANCE,Bajaj Finance Ltd,Financial Services,Financial Services,INE296A01032,Large Cap,true,false,Listed
BALAJEE,Shree Tirupati Balajee Agro Trading Company Ltd,Unknown,Unknown,INE0S2G01011,Unknown,false,false,Listed
BALAJITELE,Balaji Telefilms Ltd,Unknown,Unknown,INE794B01026,Unknown,false,false,Listed
BALAMINES,Balaji Amines Ltd,Chemicals,Chemicals,INE050E01027,Micro Cap,false,false,Listed
BALKRISHNA,Balkrishna Paper Mills Ltd,Unknown,Unknown,INE875R01011,Unknown,false,false,Listed
BALKRISIND,Balkrishna Industries Ltd,Automobile and Auto Components,Automobile and Auto Components,INE787D01026,Mid Cap,false,false,Listed
BALMLAWRIE,Balmer Lawrie & Company Ltd,Unknown,Unknown,INE164A01016,Unknown,false,false,Listed
BALPHARMA,Bal Pharma Ltd,Unknown,Unknown,INE083D01012,Unknown,false,false,Listed
BALRAMCHIN,Balrampur Chini Mills Ltd,Fast Moving Consumer Goods,Fast Moving Consumer Goods,INE119A01028,Small Cap,false,false,Listed
BALUFORGE,Balu Forge Industries Ltd,Capital Goods,Capital Goods,INE011E01029,Micro Cap,false,false,Listed
BANARBEADS,Banaras Beads Ltd,Unknown,Unknown,INE655B01011,Unknown,false,false,Listed
BANARISUG,Bannari Amman Sugars Ltd,Unknown,Unknown,INE459A01010,Unknown,false,false,Listed
BANCOINDIA,Banco Products (I) Ltd,Automobile and Auto Components,Automobile and Auto Components,INE213C01025,Micro Cap,false,false,Listed
BANDHANBNK,Bandhan Bank Ltd,Financial Services,Financial Services,INE545U01014,Small Cap,false,false,Listed
BANG,Bang Overseas Ltd,Unknown,Unknown,INE863I01016,Unknown,false,false,Listed
BANKBARODA,Bank of Baroda,Financial Services,Financial Services,INE028A01039,Large Cap,false,true,Listed
BANKINDIA,Bank of India,Financial Services,Financial Services,INE084A01016,Mid Cap,false,false,Listed
BANSALWIRE,Bansal Wire Industries Ltd,Unknown,Unknown,INE0B9K01025,Unknown,false,false,Listed
BANSWRAS,Banswara Syntex Ltd,Unknown,Unknown,INE629D01020,Unknown,false,false,Listed
BASF,BASF India Ltd,Unknown,Unknown,INE373A01013,Unknown,false,false,Listed
BATAINDIA,Bata India Ltd,Consumer Durables,Consumer Durables,INE176A01028,Small Cap,false,false,Listed
BATLIBOI,Batliboi Ltd,Unknown,Unknown,INE177C01022,Unknown,false,false,Listed
BAYERCROP,Bayer Cropscience Ltd,Chemicals,Chemicals,INE462A01022,Small Cap,false,false,Listed
BBL,Bharat Bijlee Ltd,Unknown,Unknown,INE464A01036,Unknown,false,false,Listed
BBOX,Black Box Ltd,Information Technology,Information Technology,INE676A01027,Micro Cap,false,false,Listed
BBTC,The Bombay Burmah Trading Corporation Ltd,Fast Moving Consumer Goods,Fast Moving Consumer Goods,INE050A01025,Small Cap,false,false,Listed
BBTCL,B&B Triplewall Containers Ltd,Unknown,Unknown,INE01EE01011,Unknown,false,false,Listed
BCG,Brightcom Group Ltd,Unknown,Unknown,INE425B01027,Unknown,false,false,Listed
BCLIND,Bcl Industries Ltd,Unknown,Unknown,INE412G01024,Unknown,false,false,Listed
BCONCEPTS,Brand Concepts Ltd,Unknown,Unknown,INE977Y01011,Unknown,false,false,Listed
BCPL,BCPL Railway Infrastructure Ltd,Unknown,Unknown,INE00SW01015,Unknown,false,false,Listed
BDL,Bharat Dynamics Ltd,Capital Goods,Capital Goods,INE171Z01026,Mid Cap,false,false,Listed
BEARDSELL,Beardsell Ltd,Unknown,Unknown,INE520H01022,Unknown,false,false,Listed
BECTORFOOD,Mrs. Bectors Food Specialities Ltd,Fast Moving Consumer Goods,Fast Moving Consumer Goods,INE495P01020,Micro Cap,false,false,Listed
BEDMUTHA,Bedmutha Industries Ltd,Unknown,Unknown,INE844K01012,Unknown,false,false,Listed
BEEKAY,Beekay Steel Industries Ltd,Unknown,Unknown,INE213D01015,Unknown,false,false,Listed
BEL,Bharat Electronics Ltd,Capital Goods,Capital Goods,INE263A01024,Large Cap,true,false,Listed
BELLACASA,Bella Casa Fashion & Retail Ltd,Unknown,Unknown,INE344T01014,Unknown,false,false,Listed
BELRISE,Belrise Industries Ltd,Automobile and Auto Components,Automobile and Auto Components,INE894V01022,Small Cap,false,false,Listed
BEML,BEML Ltd,Capital Goods,Capital Goods,INE258A01024,Small Cap,false,false,Listed
BENGALASM,Bengal & Assam Company Ltd,Unknown,Unknown,INE083K01017,Unknown,false,false,Listed
BEPL,Bhansali Engineering Polymers Ltd,Unknown,Unknown,INE922A01025,Unknown,false,false,Listed
BERGEPAINT,Berger Paints (I) Ltd,Consumer Durables,Consumer Durables,INE463A01038,Mid Cap,false,false,Listed
BESTAGRO,Best Agrolife Ltd,Unknown,Unknown,INE052T01021,Unknown,false,false,Listed
BETA,Beta Drugs Ltd,Unknown,Unknown,INE351Y01019,Unknown,false,false,Listed
BFINVEST,BF Investment Ltd,Unknown,Unknown,INE878K01010,Unknown,false,false,Listed
BFUTILITIE,BF Utilities Ltd,Unknown,Unknown,INE243D01012,Unknown,false,false,Listed
BHAGCHEM,Bhagiradha Chemicals & Industries Ltd,Unknown,Unknown,INE414D01027,Unknown,false,false,Listed
BHARATCOAL,Bharat Coking Coal Ltd,Unknown,Unknown,INE05XR01022,Unknown,false,false,Listed
BHARATFORG,Bharat Forge Ltd,Automobile and Auto Components,Automobile and Auto Components,INE465A01025,Mid Cap,false,false,Listed
BHARATRAS,Bharat Rasayan Ltd,Unknown,Unknown,INE838B01021,Unknown,false,false,Listed
BHARATSE,Bharat Seats Ltd,Unknown,Unknown,INE415D01024,Unknown,false,false,Listed
BHARATWIRE,Bharat Wire Ropes Ltd,Unknown,Unknown,INE316L01019,Unknown,false,false,Listed
BHARTIARTL,Bharti Airtel Ltd,Telecommunication,Telecommunication,INE397D01024,Large Cap,true,false,Listed
BHARTIHEXA,Bharti Hexacom Ltd,Telecommunication,Telecommunication,INE343G01021,Mid Cap,false,false,Listed
BHEL,Bharat Heavy Electricals Ltd,Capital Goods,Capital Goods,INE257A01026,Mid Cap,false,false,Listed
BI,Bilcare Ltd,Unknown,Unknown,INE986A01012,Unknown,false,false,Listed
BIGBLOC,Bigbloc Construction Ltd,Unknown,Unknown,INE412U01025,Unknown,false,false,Listed
BIKAJI,Bikaji Foods International Ltd,Fast Moving Consumer Goods,Fast Moving Consumer Goods,INE00E101023,Small Cap,false,false,Listed
BIL,Bhartiya International Ltd,Unknown,Unknown,INE828A01016,Unknown,false,false,Listed
BIMETAL,Bimetal Bearings Ltd,Unknown,Unknown,INE469A01019,Unknown,false,false,Listed
BIOCON,Biocon Ltd,Healthcare,Healthcare,INE376G01013,Mid Cap,false,false,Listed
BIOFILCHEM,Biofil Chemicals & Pharmaceuticals Ltd,Unknown,Unknown,INE829A01014,Unknown,false,false,Listed
BIRLACORPN,Birla Corporation Ltd,Construction Materials,Construction Materials,INE340A01012,Micro Cap,false,false,Listed
BIRLAMONEY,Aditya Birla Money Ltd,Unknown,Unknown,INE865C01022,Unknown,false,false,Listed
BIRLANU,BirlaNu Ltd,Unknown,Unknown,INE557A01011,Unknown,false,false,Listed
BIRLAPREC,Birla Precision Technologies Ltd,Unknown,Unknown,INE372E01025,Unknown,false,false,Listed
BLACKBUCK,BLACKBUCK Ltd,Services,Services,INE0UIZ01018,Micro Cap,false,false,Listed
BLAL,BEML Land Assets Ltd,Unknown,Unknown,INE0N7W01012,Unknown,false,false,Listed
BLBLIMITED,BLB Ltd,Unknown,Unknown,INE791A01024,Unknown,false,false,Listed
BLIL,Balmer Lawrie Investments Ltd,Unknown,Unknown,INE525F01025,Unknown,false,false,Listed
BLKASHYAP,B. L. Kashyap and Sons Ltd,Unknown,Unknown,INE350H01032,Unknown,false,false,Listed
BLS,BLS International Services Ltd,Consumer Services,Consumer Services,INE153T01027,Small Cap,false,false,Listed
BLSE,BLS E-Services Ltd,Unknown,Unknown,INE0NLT01010,Unknown,false,false,Listed
BLUEDART,Blue Dart Express Ltd,Services,Services,INE233B01017,Small Cap,false,false,Listed
BLUEJET,Blue Jet Healthcare Ltd,Healthcare,Healthcare,INE0KBH01020,Small Cap,false,false,Listed
BLUESTARCO,Blue Star Ltd,Consumer Durables,Consumer Durables,INE472A01039,Mid Cap,false,false,Listed
BLUESTONE,BlueStone Jewellery and Lifestyle Ltd,Consumer Durables,Consumer Durables,INE304W01038,Micro Cap,false,false,Listed
BLUSPRING,Bluspring Enterprises Ltd,Unknown,Unknown,INE0U4101014,Unknown,false,false,Listed
BMWVENTLTD,BMW Ventures Ltd,Unknown,Unknown,INE965W01036,Unknown,false,false,Listed
BNALTD,B & A Ltd,Unknown,Unknown,INE489D01011,Unknown,false,false,Listed
BOHRAIND,Bohra Industries Ltd,Unknown,Unknown,INE802W01023,Unknown,false,false,Listed
BOMDYEING,Bombay Dyeing & Mfg Company Ltd,Unknown,Unknown,INE032A01023,Unknown,false,false,Listed
BONLON,Bonlon Industries Ltd,Unknown,Unknown,INE0B9A01018,Unknown,false,false,Listed
BORANA,Borana Weaves Ltd,Unknown,Unknown,INE16SF01016,Unknown,false,false,Listed
BOROLTD,Borosil Ltd,Unknown,Unknown,INE02PY01013,Unknown,false,false,Listed
BORORENEW,BOROSIL RENEWABLES Ltd,Capital Goods,Capital Goods,INE666D01022,Micro Cap,false,false,Listed
BOROSCI,Borosil Scientific Ltd,Unknown,Unknown,INE02L001032,Unknown,false,false,Listed
BOSCH-HCIL,BOSCH HOME COMFORT INDIA Ltd,Unknown,Unknown,INE782A01015,Unknown,false,false,Listed
BOSCHLTD,Bosch Ltd,Automobile and Auto Components,Automobile and Auto Components,INE323A01026,Large Cap,false,true,Listed
BPCL,Bharat Petroleum Corporation Ltd,Oil Gas & Consumable Fuels,Oil Gas & Consumable Fuels,INE029A01011,Large Cap,false,true,Listed
BPL,BPL Ltd,Unknown,Unknown,INE110A01019,Unknown,false,false,Listed
BRIGADE,Brigade Enterprises Ltd,Realty,Realty,INE791I01019,Small Cap,false,false,Listed
BRIGHOTEL,Brigade Hotel Ventures Ltd,Unknown,Unknown,INE03NU01014,Unknown,false,false,Listed
BRITANNIA,Britannia Industries Ltd,Fast Moving Consumer Goods,Fast Moving Consumer Goods,INE216A01030,Large Cap,false,true,Listed
BRNL,Bharat Road Network Ltd,Unknown,Unknown,INE727S01012,Unknown,false,false,Listed
BSE,BSE Ltd,Financial Services,Financial Services,INE118H01025,Mid Cap,false,false,Listed
BSL,BSL Ltd,Unknown,Unknown,INE594B01012,Unknown,false,false,Listed
BSOFT,BIRLASOFT Ltd,Information Technology,Information Technology,INE836A01035,Small Cap,false,false,Listed
BTML,Bodhi Tree Multimedia Ltd,Unknown,Unknown,INE0EEJ01023,Unknown,false,false,Listed
BTTL,Bhilwara Technical Textiles Ltd,Unknown,Unknown,INE274K01012,Unknown,false,false,Listed
BUILDPRO,Shankara Buildpro Ltd,Unknown,Unknown,INE24OJ01011,Unknown,false,false,Listed
BUTTERFLY,Butterfly Gandhimathi Appliances Ltd,Unknown,Unknown,INE295F01017,Unknown,false,false,Listed
BVCL,Barak Valley Cements Ltd,Unknown,Unknown,INE139I01011,Unknown,false,false,Listed
CAMLINFINE,Camlin Fine Sciences Ltd,Unknown,Unknown,INE052I01032,Unknown,false,false,Listed
CAMPUS,Campus Activewear Ltd,Consumer Durables,Consumer Durables,INE278Y01022,Micro Cap,false,false,Listed
CAMS,Computer Age Management Services Ltd,Financial Services,Financial Services,INE596I01020,Small Cap,false,false,Listed
CANBK,Canara Bank,Financial Services,Financial Services,INE476A01022,Large Cap,false,true,Listed
CANFINHOME,Can Fin Homes Ltd,Financial Services,Financial Services,INE477A01020,Small Cap,false,false,Listed
CANHLIFE,Canara HSBC Life Insurance Company Ltd,Financial Services,Financial Services,INE01TY01017,Small Cap,false,false,Listed
CANTABIL,Cantabil Retail India Ltd,Unknown,Unknown,INE068L01024,Unknown,false,false,Listed
CAPACITE,Capacit'e Infraprojects Ltd,Unknown,Unknown,INE264T01014,Unknown,false,false,Listed
CAPILLARY,Capillary Technologies India Ltd,Information Technology,Information Technology,INE0ILV01024,Micro Cap,false,false,Listed
CAPITALSFB,Capital Small Finance Bank Ltd,Unknown,Unknown,INE646H01017,Unknown,false,false,Listed
CAPLIPOINT,Caplin Point Laboratories Ltd,Healthcare,Healthcare,INE475E01026,Small Cap,false,false,Listed
CARBORUNIV,Carborundum Universal Ltd,Capital Goods,Capital Goods,INE120A01034,Small Cap,false,false,Listed
CARERATING,CARE Ratings Ltd,Unknown,Unknown,INE752H01013,Unknown,false,false,Listed
CARRARO,Carraro India Ltd,Unknown,Unknown,INE0V7W01012,Unknown,false,false,Listed
CARTRADE,Cartrade Tech Ltd,Consumer Services,Consumer Services,INE290S01011,Small Cap,false,false,Listed
CARYSIL,CARYSIL Ltd,Unknown,Unknown,INE482D01024,Unknown,false,false,Listed
CASTROLIND,Castrol India Ltd,Oil Gas & Consumable Fuels,Oil Gas & Consumable Fuels,INE172A01027,Small Cap,false,false,Listed
CCAVENUE,AvenuesAI Ltd,Financial Services,Financial Services,INE483S01020,Micro Cap,false,false,Listed
CCCL,Consolidated Construction Consortium Ltd,Unknown,Unknown,INE429I01024,Unknown,false,false,Listed
CCHHL,Country Club Hospitality & Holidays Ltd,Unknown,Unknown,INE652F01027,Unknown,false,false,Listed
CCL,CCL Products (India) Ltd,Fast Moving Consumer Goods,Fast Moving Consumer Goods,INE421D01022,Small Cap,false,false,Listed
CDSL,Central Depository Services (India) Ltd,Financial Services,Financial Services,INE736A01011,Small Cap,false,false,Listed
CEATLTD,CEAT Ltd,Automobile and Auto Components,Automobile and Auto Components,INE482A01020,Small Cap,false,false,Listed
CEIGALL,Ceigall India Ltd,Unknown,Unknown,INE0AG901020,Unknown,false,false,Listed
CEINSYS,Ceinsys Tech Ltd,Unknown,Unknown,INE016Q01014,Unknown,false,false,Listed
CELEBRITY,Celebrity Fashions Ltd,Unknown,Unknown,INE185H01016,Unknown,false,false,Listed
CELLO,Cello World Ltd,Consumer Durables,Consumer Durables,INE0LMW01024,Micro Cap,false,false,Listed
CEMPRO,Cemindia Projects Ltd,Construction,Construction,INE686A01026,Small Cap,false,false,Listed
CENTENKA,Century Enka Ltd,Unknown,Unknown,INE485A01015,Unknown,false,false,Listed
CENTEXT,Century Extrusions Ltd,Unknown,Unknown,INE281A01026,Unknown,false,false,Listed
CENTRALBK,Central Bank of India,Financial Services,Financial Services,INE483A01010,Small Cap,false,false,Listed
CENTRUM,Centrum Capital Ltd,Unknown,Unknown,INE660C01027,Unknown,false,false,Listed
CENTUM,Centum Electronics Ltd,Unknown,Unknown,INE320B01020,Unknown,false,false,Listed
CENTURYPLY,Century Plyboards (India) Ltd,Consumer Durables,Consumer Durables,INE348B01021,Micro Cap,false,false,Listed
CERA,Cera Sanitaryware Ltd,Consumer Durables,Consumer Durables,INE739E01017,Micro Cap,false,false,Listed
CESC,CESC Ltd,Power,Power,INE486A01021,Small Cap,false,false,Listed
CEWATER,Concord Enviro Systems Ltd,Unknown,Unknown,INE037Z01029,Unknown,false,false,Listed
CGCL,Capri Global Capital Ltd,Financial Services,Financial Services,INE180C01042,Small Cap,false,false,Listed
CGPOWER,CG Power and Industrial Solutions Ltd,Capital Goods,Capital Goods,INE067A01029,Large Cap,false,true,Listed
CHALET,Chalet Hotels Ltd,Consumer Services,Consumer Services,INE427F01016,Small Cap,false,false,Listed
CHAMBLFERT,Chambal Fertilizers & Chemicals Ltd,Chemicals,Chemicals,INE085A01013,Small Cap,false,false,Listed
CHEMPLASTS,Chemplast Sanmar Ltd,Unknown,Unknown,INE488A01050,Unknown,false,false,Listed
CHENNPETRO,Chennai Petroleum Corporation Ltd,Oil Gas & Consumable Fuels,Oil Gas & Consumable Fuels,INE178A01016,Small Cap,false,false,Listed
CHEVIOT,Cheviot Company Ltd,Unknown,Unknown,INE974B01016,Unknown,false,false,Listed
CHOICEIN,Choice International Ltd,Financial Services,Financial Services,INE102B01014,Small Cap,false,false,Listed
CHOLAFIN,Cholamandalam Investment and Finance Company Ltd,Financial Services,Financial Services,INE121A01024,Large Cap,false,true,Listed
CHOLAHLDNG,Cholamandalam Financial Holdings Ltd,Financial Services,Financial Services,INE149A01033,Small Cap,false,false,Listed
CIEINDIA,CIE Automotive India Ltd,Automobile and Auto Components,Automobile and Auto Components,INE536H01010,Small Cap,false,false,Listed
CIFL,Capital India Finance Ltd,Unknown,Unknown,INE345H01024,Unknown,false,false,Listed
CINELINE,Cineline India Ltd,Unknown,Unknown,INE704H01022,Unknown,false,false,Listed
CINEVISTA,Cinevista Ltd,Unknown,Unknown,INE039B01026,Unknown,false,false,Listed
CIPLA,Cipla Ltd,Healthcare,Healthcare,INE059A01026,Large Cap,true,false,Listed
CLEAN,Clean Science and Technology Ltd,Chemicals,Chemicals,INE227W01023,Small Cap,false,false,Listed
CLEANMAX,Clean Max Enviro Energy Solutions Ltd,Unknown,Unknown,INE647U01026,Unknown,false,false,Listed
CLSEL,Chaman Lal Setia Exports Ltd,Unknown,Unknown,INE419D01026,Unknown,false,false,Listed
CMPDI,Central Mine Planning & Design Institute Ltd,Unknown,Unknown,INE05HV01027,Unknown,false,false,Listed
CMRGREEN,CMR Green Technologies Ltd,Unknown,Unknown,INE00WV01027,Unknown,false,false,Listed
CMSINFO,CMS Info Systems Ltd,Services,Services,INE925R01014,Micro Cap,false,false,Listed
CNL,Creative Newtech Ltd,Unknown,Unknown,INE985W01018,Unknown,false,false,Listed
COALINDIA,Coal India Ltd,Oil Gas & Consumable Fuels,Oil Gas & Consumable Fuels,INE522F01014,Large Cap,true,false,Listed
COASTCORP,Coastal Corporation Ltd,Unknown,Unknown,INE377E01024,Unknown,false,false,Listed
COCHINSHIP,Cochin Shipyard Ltd,Capital Goods,Capital Goods,INE704P01025,Mid Cap,false,false,Listed
COCKERILL,John Cockerill India Ltd,Unknown,Unknown,INE515A01019,Unknown,false,false,Listed
COFORGE,Coforge Ltd,Information Technology,Information Technology,INE591G01025,Mid Cap,false,false,Listed
COHANCE,Cohance Lifesciences Ltd,Healthcare,Healthcare,INE03QK01018,Small Cap,false,false,Listed
COLPAL,Colgate Palmolive (India) Ltd,Fast Moving Consumer Goods,Fast Moving Consumer Goods,INE259A01022,Mid Cap,false,false,Listed
COMFINTE,Comfort Intech Ltd,Unknown,Unknown,INE819A01049,Unknown,false,false,Listed
COMPUSOFT,Compucom Software Ltd,Unknown,Unknown,INE453B01029,Unknown,false,false,Listed
COMSYN,Commercial Syn Bags Ltd,Unknown,Unknown,INE073V01015,Unknown,false,false,Listed
CONCOR,Container Corporation of India Ltd,Services,Services,INE111A01025,Mid Cap,false,false,Listed
CONCORDBIO,Concord Biotech Ltd,Healthcare,Healthcare,INE338H01029,Small Cap,false,false,Listed
CONFIPET,Confidence Petroleum India Ltd,Unknown,Unknown,INE552D01024,Unknown,false,false,Listed
CONSOFINVT,Consolidated Finvest & Holdings Ltd,Unknown,Unknown,INE025A01027,Unknown,false,false,Listed
CONTROLPR,Control Print Ltd,Unknown,Unknown,INE663B01015,Unknown,false,false,Listed
CORALFINAC,Coral India Finance & Housing Ltd,Unknown,Unknown,INE558D01021,Unknown,false,false,Listed
CORDELIA,Waterways Leisure Tourism Ltd,Unknown,Unknown,INE0LZF01013,Unknown,false,false,Listed
COROMANDEL,Coromandel International Ltd,Chemicals,Chemicals,INE169A01031,Mid Cap,false,false,Listed
CORONA,CORONA Remedies Ltd,Healthcare,Healthcare,INE02ZQ01018,Micro Cap,false,false,Listed
COSMOFIRST,COSMO FIRST Ltd,Unknown,Unknown,INE757A01017,Unknown,false,false,Listed
COUNCODOS,Country Condo's Ltd,Unknown,Unknown,INE695B01025,Unknown,false,false,Listed
CPEDU,Career Point Edutech Ltd,Unknown,Unknown,INE0P6P01016,Unknown,false,false,Listed
CPPLUS,Aditya Infotech Ltd,Capital Goods,Capital Goods,INE819V01029,Small Cap,false,false,Listed
CRAFTSMAN,Craftsman Automation Ltd,Automobile and Auto Components,Automobile and Auto Components,INE00LO01017,Small Cap,false,false,Listed
CRAMC,Canara Robeco Asset Management Company Ltd,Financial Services,Financial Services,INE218I01013,Micro Cap,false,false,Listed
CREATIVEYE,Creative Eye Ltd,Unknown,Unknown,INE230B01021,Unknown,false,false,Listed
CREDITACC,CREDITACCESS GRAMEEN Ltd,Financial Services,Financial Services,INE741K01010,Small Cap,false,false,Listed
CREST,Crest Ventures Ltd,Unknown,Unknown,INE559D01011,Unknown,false,false,Listed
CRISIL,Crisil Ltd,Financial Services,Financial Services,INE007A01025,Mid Cap,false,false,Listed
CRIZAC,Crizac Ltd,Consumer Services,Consumer Services,INE0S4R01014,Micro Cap,false,false,Listed
CROMPTON,Crompton Greaves Consumer Electricals Ltd,Consumer Durables,Consumer Durables,INE299U01018,Small Cap,false,false,Listed
CROWN,Crown Lifters Ltd,Unknown,Unknown,INE491V01019,Unknown,false,false,Listed
CSBBANK,CSB Bank Ltd,Financial Services,Financial Services,INE679A01013,Micro Cap,false,false,Listed
CSLFINANCE,CSL Finance Ltd,Unknown,Unknown,INE718F01018,Unknown,false,false,Listed
CTE,Cambridge Technology Enterprises Ltd,Unknown,Unknown,INE627H01017,Unknown,false,false,Listed
CUB,City Union Bank Ltd,Financial Services,Financial Services,INE491A01021,Small Cap,false,false,Listed
CUBEXTUB,Cubex Tubings Ltd,Unknown,Unknown,INE144D01012,Unknown,false,false,Listed
CUMMINSIND,Cummins India Ltd,Capital Goods,Capital Goods,INE298A01020,Large Cap,false,true,Listed
CUPID,Cupid Ltd,Fast Moving Consumer Goods,Fast Moving Consumer Goods,INE509F01029,Micro Cap,false,false,Listed
CURAA,Cura Technologies Ltd,Unknown,Unknown,INE117B01020,Unknown,false,false,Listed
CYIENT,Cyient Ltd,Information Technology,Information Technology,INE136B01020,Small Cap,false,false,Listed
CYIENTDLM,Cyient DLM Ltd,Unknown,Unknown,INE055S01018,Unknown,false,false,Listed
DABUR,Dabur India Ltd,Fast Moving Consumer Goods,Fast Moving Consumer Goods,INE016A01026,Mid Cap,false,false,Listed
DALBHARAT,Dalmia Bharat Ltd,Construction Materials,Construction Materials,INE00R701025,Mid Cap,false,false,Listed
DALMIASUG,Dalmia Bharat Sugar and Industries Ltd,Unknown,Unknown,INE495A01022,Unknown,false,false,Listed
DAMCAPITAL,Dam Capital Advisors Ltd,Unknown,Unknown,INE284H01025,Unknown,false,false,Listed
DAMODARIND,Damodar Industries Ltd,Unknown,Unknown,INE497D01022,Unknown,false,false,Listed
DANGEE,Dangee Dums Ltd,Unknown,Unknown,INE688Y01022,Unknown,false,false,Listed
DATAMATICS,Datamatics Global Services Ltd,Information Technology,Information Technology,INE365B01017,Micro Cap,false,false,Listed
DATAPATTNS,Data Patterns (India) Ltd,Capital Goods,Capital Goods,INE0IX101010,Small Cap,false,false,Listed
DAVANGERE,Davangere Sugar Company Ltd,Unknown,Unknown,INE179G01029,Unknown,false,false,Listed
DBCORP,D.B.Corp Ltd,Unknown,Unknown,INE950I01011,Unknown,false,false,Listed
DBL,Dilip Buildcon Ltd,Construction,Construction,INE917M01012,Micro Cap,false,false,Listed
DBREALTY,Valor Estate Ltd.,Realty,Realty,INE879I01012,Micro Cap,false,false,Listed
DBSTOCKBRO,DB (International) Stock Brokers Ltd,Unknown,Unknown,INE921B01025,Unknown,false,false,Listed
DCAL,Dishman Carbogen Amcis Ltd,Unknown,Unknown,INE385W01011,Unknown,false,false,Listed
DCBBANK,DCB Bank Ltd,Financial Services,Financial Services,INE503A01015,Micro Cap,false,false,Listed
DCMSHRIRAM,DCM Shriram Ltd,Diversified,Diversified,INE499A01024,Small Cap,false,false,Listed
DCMSRIND,DCM Shriram Industries Ltd,Unknown,Unknown,INE843D01027,Unknown,false,false,Listed
DCW,DCW Ltd,Unknown,Unknown,INE500A01029,Unknown,false,false,Listed
DCXINDIA,DCX Systems Ltd,Unknown,Unknown,INE0KL801015,Unknown,false,false,Listed
DDEVPLSTIK,Ddev Plastiks Industries Ltd,Unknown,Unknown,INE0HR601026,Unknown,false,false,Listed
DECCANCE,Deccan Cements Ltd,Unknown,Unknown,INE583C01021,Unknown,false,false,Listed
DECNGOLD,Deccan Gold Mines Ltd,Unknown,Unknown,INE945F01025,Unknown,false,false,Listed
DEEPAKFERT,Deepak Fertilizers and Petrochemicals Corporation Ltd,Chemicals,Chemicals,INE501A01019,Small Cap,false,false,Listed
DEEPAKNTR,Deepak Nitrite Ltd,Chemicals,Chemicals,INE288B01029,Small Cap,false,false,Listed
DEEPINDS,Deep Industries Ltd,Unknown,Unknown,INE0FHS01024,Unknown,false,false,Listed
DELHIVERY,Delhivery Ltd,Services,Services,INE148O01028,Small Cap,false,false,Listed
DELTACORP,Delta Corp Ltd,Unknown,Unknown,INE124G01033,Unknown,false,false,Listed
DELTAMAGNT,Delta Manufacturing Ltd,Unknown,Unknown,INE393A01011,Unknown,false,false,Listed
DEN,Den Networks Ltd,Unknown,Unknown,INE947J01015,Unknown,false,false,Listed
DENORA,De Nora India Ltd,Unknown,Unknown,INE244A01016,Unknown,false,false,Listed
DENTA,Denta Water and Infra Solutions Ltd,Unknown,Unknown,INE0R4L01018,Unknown,false,false,Listed
DEVIT,Dev Information Technology Ltd,Unknown,Unknown,INE060X01034,Unknown,false,false,Listed
DEVX,Dev Accelerator Ltd,Unknown,Unknown,INE0VOV01021,Unknown,false,false,Listed
DEVYANI,Devyani International Ltd,Consumer Services,Consumer Services,INE872J01023,Small Cap,false,false,Listed
DGCONTENT,Digicontent Ltd,Unknown,Unknown,INE03JI01017,Unknown,false,false,Listed
DHAMPURSUG,Dhampur Sugar Mills Ltd,Unknown,Unknown,INE041A01016,Unknown,false,false,Listed
DHANBANK,Dhanlaxmi Bank Ltd,Unknown,Unknown,INE680A01011,Unknown,false,false,Listed
DHANUKA,Dhanuka Agritech Ltd,Unknown,Unknown,INE435G01025,Unknown,false,false,Listed
DHARMAJ,Dharmaj Crop Guard Ltd,Unknown,Unknown,INE00OQ01016,Unknown,false,false,Listed
DHUNINV,Dhunseri Investments Ltd,Unknown,Unknown,INE320L01011,Unknown,false,false,Listed
DIACABS,Diamond Power Infrastructure Ltd,Capital Goods,Capital Goods,INE989C01038,Micro Cap,false,false,Listed
DIAMINESQ,Diamines & Chemicals Ltd,Unknown,Unknown,INE591D01014,Unknown,false,false,Listed
DIAMONDYD,Prataap Snacks Ltd,Unknown,Unknown,INE393P01035,Unknown,false,false,Listed
DICIND,DIC India Ltd,Unknown,Unknown,INE303A01010,Unknown,false,false,Listed
DIFFNKG,Diffusion Engineers Ltd,Unknown,Unknown,INE184O01015,Unknown,false,false,Listed
DIGIDRIVE,Digidrive Distributors Ltd,Unknown,Unknown,INE0PSC01024,Unknown,false,false,Listed
DIGITIDE,Digitide Solutions Ltd,Unknown,Unknown,INE0U4701011,Unknown,false,false,Listed
DIGJAMLMTD,Digjam Ltd,Unknown,Unknown,INE731U01028,Unknown,false,false,Listed
DISAQ,Disa India Ltd,Unknown,Unknown,INE131C01011,Unknown,false,false,Listed
DIVGIITTS,Divgi Torqtransfer Systems Ltd,Unknown,Unknown,INE753U01022,Unknown,false,false,Listed
DIVISLAB,Divi's Laboratories Ltd,Healthcare,Healthcare,INE361B01024,Large Cap,false,true,Listed
DIXON,Dixon Technologies (India) Ltd,Consumer Durables,Consumer Durables,INE935N01020,Mid Cap,false,false,Listed
DJML,DJ Mediaprint & Logistics Ltd,Unknown,Unknown,INE0B1K01014,Unknown,false,false,Listed
DLF,DLF Ltd,Realty,Realty,INE271C01023,Large Cap,false,true,Listed
DLINKINDIA,D-Link (India) Ltd,Unknown,Unknown,INE250K01012,Unknown,false,false,Listed
DMART,Avenue Supermarts Ltd,Consumer Services,Consumer Services,INE192R01011,Large Cap,false,true,Listed
DMCC,DMCC SPECIALITY CHEMICALS Ltd,Unknown,Unknown,INE505A01010,Unknown,false,false,Listed
DNAMEDIA,Diligent Media Corporation Ltd,Unknown,Unknown,INE016M01021,Unknown,false,false,Listed
DODLA,Dodla Dairy Ltd,Unknown,Unknown,INE021O01019,Unknown,false,false,Listed
DOLATALGO,Dolat Algotech Ltd,Unknown,Unknown,INE966A01022,Unknown,false,false,Listed
DOLLAR,Dollar Industries Ltd,Unknown,Unknown,INE325C01035,Unknown,false,false,Listed
DOLPHIN,Dolphin Offshore Enterprises (India) Ltd,Unknown,Unknown,INE920A01037,Unknown,false,false,Listed
DOMS,DOMS Industries Ltd,Fast Moving Consumer Goods,Fast Moving Consumer Goods,INE321T01012,Small Cap,false,false,Listed
DONEAR,Donear Industries Ltd,Unknown,Unknown,INE668D01028,Unknown,false,false,Listed
DPABHUSHAN,D. P. Abhushan Ltd,Unknown,Unknown,INE266Y01019,Unknown,false,false,Listed
DRAGARWQ,Dr Agarwals Eye Hospital Ltd,Unknown,Unknown,INE934C01018,Unknown,false,false,Listed
DRCSYSTEMS,DRC Systems India Ltd,Unknown,Unknown,INE03RS01027,Unknown,false,false,Listed
DREAMFOLKS,Dreamfolks Services Ltd,Unknown,Unknown,INE0JS101016,Unknown,false,false,Listed
DREDGECORP,Dredging Corporation of India Ltd,Unknown,Unknown,INE506A01018,Unknown,false,false,Listed
DRREDDY,Dr. Reddy's Laboratories Ltd,Healthcare,Healthcare,INE089A01031,Large Cap,true,false,Listed
DSSL,Dynacons Systems & Solutions Ltd,Unknown,Unknown,INE417B01040,Unknown,false,false,Listed
DTIL,Dhunseri Tea & Industries Ltd,Unknown,Unknown,INE341R01014,Unknown,false,false,Listed
DVL,Dhunseri Ventures Ltd,Unknown,Unknown,INE477B01010,Unknown,false,false,Listed
DWARKESH,Dwarikesh Sugar Industries Ltd,Unknown,Unknown,INE366A01041,Unknown,false,false,Listed
DYCL,Dynamic Cables Ltd,Unknown,Unknown,INE600Y01019,Unknown,false,false,Listed
DYNAMATECH,Dynamatic Technologies Ltd,Capital Goods,Capital Goods,INE221B01012,Micro Cap,false,false,Listed
DYNPRO,Dynemic Products Ltd,Unknown,Unknown,INE256H01015,Unknown,false,false,Listed
E2E,E2E Networks Ltd,Unknown,Unknown,INE255Z01027,Unknown,false,false,Listed
EASEMYTRIP,Easy Trip Planners Ltd,Unknown,Unknown,INE07O001026,Unknown,false,false,Listed
EBGNG,GNG Electronics Ltd,Unknown,Unknown,INE18JU01028,Unknown,false,false,Listed
ECLERX,eClerx Services Ltd,Services,Services,INE738I01010,Small Cap,false,false,Listed
EDELWEISS,Edelweiss Financial Services Ltd,Financial Services,Financial Services,INE532F01054,Micro Cap,false,false,Listed
EFCIL,EFC (I) Ltd,Unknown,Unknown,INE886D01026,Unknown,false,false,Listed
EICHERMOT,Eicher Motors Ltd,Automobile and Auto Components,Automobile and Auto Components,INE066A01021,Large Cap,true,false,Listed
EIDPARRY,EID Parry India Ltd,Fast Moving Consumer Goods,Fast Moving Consumer Goods,INE126A01031,Small Cap,false,false,Listed
EIEL,Enviro Infra Engineers Ltd,Utilities,Utilities,INE0LLY01014,Micro Cap,false,false,Listed
EIHAHOTELS,EIH Associated Hotels Ltd,Unknown,Unknown,INE276C01014,Unknown,false,false,Listed
EIHOTEL,EIH Ltd,Consumer Services,Consumer Services,INE230A01023,Small Cap,false,false,Listed
EIMCOELECO,Eimco Elecon (India) Ltd,Unknown,Unknown,INE158B01016,Unknown,false,false,Listed
EKC,Everest Kanto Cylinder Ltd,Unknown,Unknown,INE184H01027,Unknown,false,false,Listed
ELANTAS,Elantas Beck India Ltd,Unknown,Unknown,INE280B01018,Unknown,false,false,Listed
ELCIDIN,EL CID Investments Ltd,Unknown,Unknown,INE927X01018,Unknown,false,false,Listed
ELDEHSG,Eldeco Housing And Industries Ltd,Unknown,Unknown,INE668G01021,Unknown,false,false,Listed
ELECON,Elecon Engineering Company Ltd,Capital Goods,Capital Goods,INE205B01031,Small Cap,false,false,Listed
ELECTCAST,Electrosteel Castings Ltd,Capital Goods,Capital Goods,INE086A01029,Micro Cap,false,false,Listed
ELECTHERM,Electrotherm (India) Ltd,Unknown,Unknown,INE822G01016,Unknown,false,false,Listed
ELGIEQUIP,Elgi Equipments Ltd,Capital Goods,Capital Goods,INE285A01027,Small Cap,false,false,Listed
ELGIRUBCO,Elgi Rubber Company Ltd,Unknown,Unknown,INE819L01012,Unknown,false,false,Listed
ELIN,Elin Electronics Ltd,Unknown,Unknown,INE050401020,Unknown,false,false,Listed
ELITECON,Elitecon International Ltd,Unknown,Unknown,INE669R01026,Unknown,false,false,Listed
ELLEN,Ellenbarrie Industrial Gases Ltd,Chemicals,Chemicals,INE236E01022,Micro Cap,false,false,Listed
ELPROINTL,Elpro International Ltd,Unknown,Unknown,INE579B01039,Unknown,false,false,Listed
EMAMILTD,Emami Ltd,Fast Moving Consumer Goods,Fast Moving Consumer Goods,INE548C01032,Small Cap,false,false,Listed
EMAMIPAP,Emami Paper Mills Ltd,Unknown,Unknown,INE830C01026,Unknown,false,false,Listed
EMBDL,Embassy Developments Ltd,Realty,Realty,INE069I01010,Micro Cap,false,false,Listed
EMCURE,Emcure Pharmaceuticals Ltd,Healthcare,Healthcare,INE168P01015,Small Cap,false,false,Listed
EMIL,Electronics Mart India Ltd,Consumer Services,Consumer Services,INE02YR01019,Micro Cap,false,false,Listed
EMKAY,Emkay Global Financial Services Ltd,Unknown,Unknown,INE296H01011,Unknown,false,false,Listed
EMMVEE,Emmvee Photovoltaic Power Ltd,Capital Goods,Capital Goods,INE1C6T01020,Small Cap,false,false,Listed
EMSLIMITED,EMS Ltd,Unknown,Unknown,INE0OV601013,Unknown,false,false,Listed
EMUDHRA,eMudhra Ltd,Unknown,Unknown,INE01QM01018,Unknown,false,false,Listed
ENDURANCE,Endurance Technologies Ltd,Automobile and Auto Components,Automobile and Auto Components,INE913H01037,Mid Cap,false,false,Listed
ENERGYDEV,Energy Development Company Ltd,Unknown,Unknown,INE306C01019,Unknown,false,false,Listed
ENGINERSIN,Engineers India Ltd,Construction,Construction,INE510A01028,Small Cap,false,false,Listed
ENIL,Entertainment Network (India) Ltd,Unknown,Unknown,INE265F01028,Unknown,false,false,Listed
ENRIN,Siemens Energy India Ltd,Capital Goods,Capital Goods,INE1NPP01017,Large Cap,false,true,Listed
ENTERO,Entero Healthcare Solutions Ltd,Consumer Services,Consumer Services,INE010601016,Micro Cap,false,false,Listed
EPACK,EPACK Durable Ltd,Unknown,Unknown,INE0G5901015,Unknown,false,false,Listed
EPACKPEB,EPack Prefab Technologies Ltd,Unknown,Unknown,INE0MLS01022,Unknown,false,false,Listed
EPIGRAL,Epigral Ltd,Unknown,Unknown,INE071N01016,Unknown,false,false,Listed
EPL,EPL Ltd,Capital Goods,Capital Goods,INE255A01020,Micro Cap,false,false,Listed
EQUITASBNK,Equitas Small Finance Bank Ltd,Financial Services,Financial Services,INE063P01018,Micro Cap,false,false,Listed
ERIS,Eris Lifesciences Ltd,Healthcare,Healthcare,INE406M01024,Small Cap,false,false,Listed
ESABINDIA,Esab India Ltd,Unknown,Unknown,INE284A01012,Unknown,false,false,Listed
ESAFSFB,ESAF Small Finance Bank Ltd,Unknown,Unknown,INE818W01011,Unknown,false,false,Listed
ESCORTS,Escorts Kubota Ltd,Capital Goods,Capital Goods,INE042A01014,Mid Cap,false,false,Listed
ESSARSHPNG,Essar Shipping Ltd,Unknown,Unknown,INE122M01019,Unknown,false,false,Listed
ESTER,Ester Industries Ltd,Unknown,Unknown,INE778B01029,Unknown,false,false,Listed
ETERNAL,ETERNAL Ltd,Consumer Services,Consumer Services,INE758T01015,Large Cap,true,false,Listed
ETHOSLTD,Ethos Ltd,Consumer Durables,Consumer Durables,INE04TZ01018,Micro Cap,false,false,Listed
EUREKAFORB,Eureka Forbes Ltd,Consumer Durables,Consumer Durables,INE0KCE01017,Micro Cap,false,false,Listed
EUROBOND,Euro Panel Products Ltd,Unknown,Unknown,INE505V01016,Unknown,false,false,Listed
EUROPRATIK,Euro Pratik Sales Ltd,Unknown,Unknown,INE198501012,Unknown,false,false,Listed
EVEREADY,Eveready Industries India Ltd,Unknown,Unknown,INE128A01029,Unknown,false,false,Listed
EXCELINDUS,Excel Industries Ltd,Unknown,Unknown,INE369A01029,Unknown,false,false,Listed
EXCELSOFT,Excelsoft Technologies Ltd,Unknown,Unknown,INE606N01019,Unknown,false,false,Listed
EXICOM,Exicom Tele-Systems Ltd,Unknown,Unknown,INE777F01014,Unknown,false,false,Listed
EXIDEIND,Exide Industries Ltd,Automobile and Auto Components,Automobile and Auto Components,INE302A01020,Mid Cap,false,false,Listed
EXPLEOSOL,Expleo Solutions Ltd,Unknown,Unknown,INE201K01015,Unknown,false,false,Listed
EXXARO,Exxaro Tiles Ltd,Unknown,Unknown,INE0GFE01026,Unknown,false,false,Listed
FABTECH,Fabtech Technologies Ltd,Unknown,Unknown,INE0HF201011,Unknown,false,false,Listed
FACT,Fertilizers and Chemicals Travancore Ltd,Chemicals,Chemicals,INE188A01015,Small Cap,false,false,Listed
FAZE3Q,Faze Three Ltd,Unknown,Unknown,INE963C01033,Unknown,false,false,Listed
FCL,Fineotex Chemical Ltd,Unknown,Unknown,INE045J01034,Unknown,false,false,Listed
FDC,FDC Ltd,Unknown,Unknown,INE258B01022,Unknown,false,false,Listed
FEDDERSHOL,Fedders Holding Ltd,Unknown,Unknown,INE417D01020,Unknown,false,false,Listed
FEDERALBNK,The Federal Bank Ltd,Financial Services,Financial Services,INE171A01029,Mid Cap,false,false,Listed
FEDFINA,Fedbank Financial Services Ltd,Financial Services,Financial Services,INE007N01010,Micro Cap,false,false,Listed
FERMENTA,Fermenta Biotech Ltd,Unknown,Unknown,INE225B01021,Unknown,false,false,Listed
FIBERWEB,Fiberweb (India) Ltd,Unknown,Unknown,INE296C01020,Unknown,false,false,Listed
FIEMIND,Fiem Industries Ltd,Automobile and Auto Components,Automobile and Auto Components,INE737H01014,Micro Cap,false,false,Listed
FILATEX,Filatex India Ltd,Unknown,Unknown,INE816B01035,Unknown,false,false,Listed
FINCABLES,Finolex Cables Ltd,Capital Goods,Capital Goods,INE235A01022,Small Cap,false,false,Listed
FINEORG,Fine Organic Industries Ltd,Unknown,Unknown,INE686Y01026,Unknown,false,false,Listed
FINKURVE,Finkurve Financial Services Ltd,Unknown,Unknown,INE734I01027,Unknown,false,false,Listed
FINOPB,Fino Payments Bank Ltd,Unknown,Unknown,INE02NC01014,Unknown,false,false,Listed
FINPIPE,Finolex Industries Ltd,Capital Goods,Capital Goods,INE183A01024,Micro Cap,false,false,Listed
FIRSTCRY,Brainbees Solutions Ltd,Consumer Services,Consumer Services,INE02RE01045,Small Cap,false,false,Listed
FISCHER,Fischer Medical Ventures Ltd,Unknown,Unknown,INE771F01041,Unknown,false,false,Listed
FIVESTAR,Five-Star Business Finance Ltd,Financial Services,Financial Services,INE128S01021,Small Cap,false,false,Listed
FLAIR,Flair Writing Industries Ltd,Unknown,Unknown,INE00Y201027,Unknown,false,false,Listed
FLUOROCHEM,Gujarat Fluorochemicals Ltd,Chemicals,Chemicals,INE09N301011,Mid Cap,false,false,Listed
FMGOETZE,Federal-Mogul Goetze (India) Limited.,Unknown,Unknown,INE529A01010,Unknown,false,false,Listed
FOODSIN,Foods & Inns Ltd,Unknown,Unknown,INE976E01023,Unknown,false,false,Listed
FORCEMOT,FORCE MOTORS LTD,Automobile and Auto Components,Automobile and Auto Components,INE451A01017,Small Cap,false,false,Listed
FORTIS,Fortis Healthcare Ltd,Healthcare,Healthcare,INE061F01013,Mid Cap,false,false,Listed
FOSECOIND,Foseco India Ltd,Unknown,Unknown,INE519A01011,Unknown,false,false,Listed
FRACTAL,Fractal Analytics Ltd,Unknown,Unknown,INE212S01015,Unknown,false,false,Listed
FRONTSP,Frontier Springs Ltd,Unknown,Unknown,INE572D01014,Unknown,false,false,Listed
FSL,Firstsource Solutions Ltd,Services,Services,INE684F01012,Small Cap,false,false,Listed
FUSION,Fusion Finance Ltd,Unknown,Unknown,INE139R01012,Unknown,false,false,Listed
GABRIEL,Gabriel India Ltd,Automobile and Auto Components,Automobile and Auto Components,INE524A01029,Small Cap,false,false,Listed
GAEL,Gujarat Ambuja Exports Ltd,Fast Moving Consumer Goods,Fast Moving Consumer Goods,INE036B01030,Micro Cap,false,false,Listed
GAIL,GAIL (India) Ltd,Oil Gas & Consumable Fuels,Oil Gas & Consumable Fuels,INE129A01019,Large Cap,false,true,Listed
GALAPREC,Gala Precision Engineering Ltd,Unknown,Unknown,INE0RE001014,Unknown,false,false,Listed
GALAXYSURF,Galaxy Surfactants Ltd,Unknown,Unknown,INE600K01018,Unknown,false,false,Listed
GALLANTT,Gallantt Ispat Ltd,Capital Goods,Capital Goods,INE297H01019,Small Cap,false,false,Listed
GANDHAR,Gandhar Oil Refinery (India) Ltd,Unknown,Unknown,INE717W01049,Unknown,false,false,Listed
GANDHITUBE,Gandhi Special Tubes Ltd,Unknown,Unknown,INE524B01027,Unknown,false,false,Listed
GANECOS,Ganesha Ecosphere Ltd,Unknown,Unknown,INE845D01014,Unknown,false,false,Listed
GANESHBE,Ganesh Benzoplast Ltd,Unknown,Unknown,INE388A01029,Unknown,false,false,Listed
GANESHCP,Ganesh Consumer Products Ltd,Unknown,Unknown,INE652V01016,Unknown,false,false,Listed
GANESHHOU,GANESH HOUSING Ltd,Unknown,Unknown,INE460C01014,Unknown,false,false,Listed
GANGAFORGE,Ganga Forging Ltd,Unknown,Unknown,INE691Z01023,Unknown,false,false,Listed
GANGESSECU,Ganges Securities Ltd,Unknown,Unknown,INE335W01016,Unknown,false,false,Listed
GARFIBRES,Garware Technical Fibres Ltd,Unknown,Unknown,INE276A01018,Unknown,false,false,Listed
GARUDA,Garuda Construction and Engineering Ltd,Unknown,Unknown,INE0JVO01026,Unknown,false,false,Listed
GATECH,GACM Technologies Ltd,Unknown,Unknown,INE224E01028,Unknown,false,false,Listed
GATECHDVR,GACM Technologies Ltd,Unknown,Unknown,INE224E01036,Unknown,false,false,Listed
GATEWAY,Gateway Distriparks Ltd,Unknown,Unknown,INE079J01017,Unknown,false,false,Listed
GAYAHWS,Gayatri Highways Ltd,Unknown,Unknown,INE287Z01012,Unknown,false,false,Listed
GCSL,Gretex Corporate Services Ltd,Unknown,Unknown,INE199P01028,Unknown,false,false,Listed
GEEKAYWIRE,Geekay Wires Ltd,Unknown,Unknown,INE669X01032,Unknown,false,false,Listed
GEMAROMA,Gem Aromatics Ltd,Unknown,Unknown,INE06XZ01023,Unknown,false,false,Listed
GENCON,Generic Engineering Construction and Projects Ltd,Unknown,Unknown,INE854S01022,Unknown,false,false,Listed
GENESYS,Genesys International Corporation Ltd,Unknown,Unknown,INE727B01026,Unknown,false,false,Listed
GENUSPAPER,Genus Paper & Boards Ltd,Unknown,Unknown,INE949P01018,Unknown,false,false,Listed
GENUSPOWER,Genus Power Infrastructures Ltd,Unknown,Unknown,INE955D01029,Unknown,false,false,Listed
GEOJITFSL,Geojit Financial Services Ltd,Unknown,Unknown,INE007B01023,Unknown,false,false,Listed
GESHIP,The Great Eastern Shipping Company Ltd,Services,Services,INE017A01032,Small Cap,false,false,Listed
GFLLIMITED,GFL Ltd,Unknown,Unknown,INE538A01037,Unknown,false,false,Listed
GHCL,GHCL Ltd,Chemicals,Chemicals,INE539A01019,Micro Cap,false,false,Listed
GHCLTEXTIL,GHCL Textiles Ltd,Unknown,Unknown,INE0PA801013,Unknown,false,false,Listed
GICHSGFIN,GIC Housing Finance Ltd,Unknown,Unknown,INE289B01019,Unknown,false,false,Listed
GICL,Globe International Carriers Ltd,Unknown,Unknown,INE947T01022,Unknown,false,false,Listed
GICRE,General Insurance Corporation of India,Financial Services,Financial Services,INE481Y01014,Mid Cap,false,false,Listed
GILLANDERS,Gillanders Arbuthnot & Company Ltd,Unknown,Unknown,INE047B01011,Unknown,false,false,Listed
GILLETTE,Gillette India Ltd,Fast Moving Consumer Goods,Fast Moving Consumer Goods,INE322A01010,Small Cap,false,false,Listed
GINNIFILA,Ginni Filaments Ltd,Unknown,Unknown,INE424C01010,Unknown,false,false,Listed
GIPCL,Gujarat Industries Power Company Ltd,Unknown,Unknown,INE162A01010,Unknown,false,false,Listed
GKENERGY,GK Energy Ltd,Unknown,Unknown,INE1AG301022,Unknown,false,false,Listed
GKSL,Gujarat Kidney And Super Speciality Ltd,Unknown,Unknown,INE0V0W01025,Unknown,false,false,Listed
GKWLIMITED,GKW Ltd,Unknown,Unknown,INE528A01020,Unknown,false,false,Listed
GLAND,Gland Pharma Ltd,Healthcare,Healthcare,INE068V01023,Small Cap,false,false,Listed
GLAXO,GlaxoSmithKline Pharmaceuticals Ltd,Healthcare,Healthcare,INE159A01016,Mid Cap,false,false,Listed
GLENMARK,Glenmark Pharmaceuticals Ltd,Healthcare,Healthcare,INE935A01035,Mid Cap,false,false,Listed
GLOBAL,Global Education Ltd,Unknown,Unknown,INE291W01037,Unknown,false,false,Listed
GLOBALVECT,Global Vectra Helicorp Ltd,Unknown,Unknown,INE792H01019,Unknown,false,false,Listed
GLOBE,GLOBE ENTERPRISES (INDIA) Ltd,Unknown,Unknown,INE581X01021,Unknown,false,false,Listed
GLOBUSSPR,Globus Spirits Ltd,Unknown,Unknown,INE615I01010,Unknown,false,false,Listed
GLOSTERLTD,Gloster Ltd,Unknown,Unknown,INE350Z01018,Unknown,false,false,Listed
GMBREW,GM Breweries Ltd,Unknown,Unknown,INE075D01018,Unknown,false,false,Listed
GMDCLTD,Gujarat Mineral Development Corporation Ltd,Metals & Mining,Metals & Mining,INE131A01031,Small Cap,false,false,Listed
GMMPFAUDLR,GMM Pfaudler Ltd,Capital Goods,Capital Goods,INE541A01023,Micro Cap,false,false,Listed
GMRAIRPORT,GMR AIRPORTS Ltd,Services,Services,INE776C01039,Mid Cap,false,false,Listed
GMRP&UI,GMR Power and Urban Infra Ltd,Power,Power,INE0CU601026,Micro Cap,false,false,Listed
GNA,GNA Axles Ltd,Unknown,Unknown,INE934S01014,Unknown,false,false,Listed
GNFC,Gujarat Narmada Valley Fertilizers and Chemicals Ltd,Chemicals,Chemicals,INE113A01013,Micro Cap,false,false,Listed
GNRL,Gujarat Natural Resources Ltd,Unknown,Unknown,INE207H01018,Unknown,false,false,Listed
GOACARBON,Goa Carbon Ltd,Unknown,Unknown,INE426D01013,Unknown,false,false,Listed
GOCLCORP,GOCL Corporation Ltd,Unknown,Unknown,INE077F01035,Unknown,false,false,Listed
GOCOLORS,Go Fashion (India) Ltd,Unknown,Unknown,INE0BJS01011,Unknown,false,false,Listed
GODAVARIB,Godavari Biorefineries Ltd,Unknown,Unknown,INE497S01012,Unknown,false,false,Listed
GODFRYPHLP,Godfrey Phillips India Ltd,Fast Moving Consumer Goods,Fast Moving Consumer Goods,INE260B01028,Mid Cap,false,false,Listed
GODIGIT,Go Digit General Insurance Ltd,Financial Services,Financial Services,INE03JT01014,Small Cap,false,false,Listed
GODREJAGRO,Godrej Agrovet Ltd,Fast Moving Consumer Goods,Fast Moving Consumer Goods,INE850D01014,Micro Cap,false,false,Listed
GODREJCP,Godrej Consumer Products Ltd,Fast Moving Consumer Goods,Fast Moving Consumer Goods,INE102D01028,Large Cap,false,true,Listed
GODREJIND,Godrej Industries Ltd,Diversified,Diversified,INE233A01035,Mid Cap,false,false,Listed
GODREJPROP,Godrej Properties Ltd,Realty,Realty,INE484J01027,Mid Cap,false,false,Listed
GOKEX,Gokaldas Exports Ltd,Textiles,Textiles,INE887G01027,Micro Cap,false,false,Listed
GOKUL,Gokul Refoils and Solvent Ltd,Unknown,Unknown,INE020J01029,Unknown,false,false,Listed
GOKULAGRO,Gokul Agro Resources Ltd,Fast Moving Consumer Goods,Fast Moving Consumer Goods,INE314T01033,Micro Cap,false,false,Listed
GOLDIAM,Goldiam International Ltd,Unknown,Unknown,INE025B01025,Unknown,false,false,Listed
GOODLUCK,Goodluck India Ltd,Unknown,Unknown,INE127I01024,Unknown,false,false,Listed
GOODYEAR,Goodyear India Ltd,Unknown,Unknown,INE533A01012,Unknown,false,false,Listed
GOPAL,Gopal Snacks Ltd,Unknown,Unknown,INE0L9R01028,Unknown,false,false,Listed
GOYALALUM,Goyal Aluminiums Ltd,Unknown,Unknown,INE705X01026,Unknown,false,false,Listed
GPIL,Godawari Power And Ispat Ltd,Capital Goods,Capital Goods,INE177H01039,Small Cap,false,false,Listed
GPPL,Gujarat Pipavav Port Ltd,Services,Services,INE517F01014,Micro Cap,false,false,Listed
GPTHEALTH,GPT Healthcare Ltd,Unknown,Unknown,INE486R01017,Unknown,false,false,Listed
GPTINFRA,GPT Infraprojects Ltd,Unknown,Unknown,INE390G01014,Unknown,false,false,Listed
GRADIENTE,Gradiente Infotainment Ltd,Unknown,Unknown,INE361K01017,Unknown,false,false,Listed
GRANDOAK,Grand Oak Canyons Distillery Ltd,Unknown,Unknown,INE926B01016,Unknown,false,false,Listed
GRANULES,Granules India Ltd,Healthcare,Healthcare,INE101D01020,Small Cap,false,false,Listed
GRAPHITE,Graphite India Ltd,Capital Goods,Capital Goods,INE371A01025,Small Cap,false,false,Listed
GRASIM,Grasim Industries Ltd,Construction Materials,Construction Materials,INE047A01021,Large Cap,true,false,Listed
GRAUWEIL,Grauer & Weil India Ltd,Unknown,Unknown,INE266D01021,Unknown,false,false,Listed
GRAVISSHO,Graviss Hospitality Ltd,Unknown,Unknown,INE214F01026,Unknown,false,false,Listed
GRAVITA,Gravita India Ltd,Metals & Mining,Metals & Mining,INE024L01027,Small Cap,false,false,Listed
GREAVESCOT,Greaves Cotton Ltd,Capital Goods,Capital Goods,INE224A01026,Micro Cap,false,false,Listed
GREENLAM,Greenlam Industries Ltd,Unknown,Unknown,INE544R01021,Unknown,false,false,Listed
GREENPANEL,Greenpanel Industries Ltd,Unknown,Unknown,INE08ZM01014,Unknown,false,false,Listed
GREENPLY,Greenply Industries Ltd,Unknown,Unknown,INE461C01038,Unknown,false,false,Listed
GREENPOWER,Orient Green Power Company Ltd,Unknown,Unknown,INE999K01014,Unknown,false,false,Listed
GRINDWELL,Grindwell Norton Ltd,Unknown,Unknown,INE536A01023,Unknown,false,false,Listed
GRINFRA,G R Infraprojects Ltd,Unknown,Unknown,INE201P01022,Unknown,false,false,Listed
GRMOVER,GRM Overseas Ltd,Unknown,Unknown,INE192H01020,Unknown,false,false,Listed
GROBTEA,The Grob Tea Company Ltd,Unknown,Unknown,INE646C01018,Unknown,false,false,Listed
GROWW,Billionbrains Garage Ventures Ltd,Financial Services,Financial Services,INE0HOQ01053,Mid Cap,false,false,Listed
GRPLTD,GRP Ltd,Unknown,Unknown,INE137I01015,Unknown,false,false,Listed
GRSE,Garden Reach Shipbuilders & Engineers Ltd,Capital Goods,Capital Goods,INE382Z01011,Small Cap,false,false,Listed
GRWRHITECH,Garware Hi-Tech Films Ltd,Capital Goods,Capital Goods,INE291A01017,Micro Cap,false,false,Listed
GSFC,Gujarat State Fertilizers & Chemicals Ltd,Chemicals,Chemicals,INE026A01025,Micro Cap,false,false,Listed
GSLSU,Global Surfaces Ltd,Unknown,Unknown,INE0JSX01015,Unknown,false,false,Listed
GSPCROP,GSP Crop Science Ltd,Unknown,Unknown,INE713R01022,Unknown,false,false,Listed
GTL,GTL Ltd,Unknown,Unknown,INE043A01012,Unknown,false,false,Listed
GTLINFRA,GTL Infrastructure Ltd,Unknown,Unknown,INE221H01019,Unknown,false,false,Listed
GTPL,GTPL Hathway Ltd,Unknown,Unknown,INE869I01013,Unknown,false,false,Listed
GUFICBIO,Gufic Biosciences Ltd,Unknown,Unknown,INE742B01025,Unknown,false,false,Listed
GUJALKALI,Gujarat Alkalies and Chemicals Ltd,Unknown,Unknown,INE186A01019,Unknown,false,false,Listed
GUJAPOLLO,Gujarat Apollo Industries Ltd,Unknown,Unknown,INE826C01016,Unknown,false,false,Listed
GUJRAFFIA,Gujarat Raffia Industries Ltd,Unknown,Unknown,INE610B01024,Unknown,false,false,Listed
GUJTHEM,Gujarat Themis Biosyn Ltd,Unknown,Unknown,INE942C01045,Unknown,false,false,Listed
GULFOILLUB,Gulf Oil Lubricants India Ltd,Unknown,Unknown,INE635Q01029,Unknown,false,false,Listed
GULPOLY,Gulshan Polyols Ltd,Unknown,Unknown,INE255D01024,Unknown,false,false,Listed
GVPIL,GE Power India Ltd,Unknown,Unknown,INE878A01011,Unknown,false,false,Listed
GVPTECH,GVP Infotech Ltd,Unknown,Unknown,INE382T01030,Unknown,false,false,Listed
GVT&D,GE Vernova T&D India Ltd,Capital Goods,Capital Goods,INE200A01026,Mid Cap,false,false,Listed
HAL,Hindustan Aeronautics Ltd,Capital Goods,Capital Goods,INE066F01020,Large Cap,false,true,Listed
HALDER,Halder Venture Ltd,Unknown,Unknown,INE115S01010,Unknown,false,false,Listed
HALEOSLABS,HALEOS LABS Ltd,Unknown,Unknown,INE320X01016,Unknown,false,false,Listed
HAPPSTMNDS,Happiest Minds Technologies Ltd,Information Technology,Information Technology,INE419U01012,Micro Cap,false,false,Listed
HAPPYFORGE,Happy Forgings Ltd,Unknown,Unknown,INE330T01021,Unknown,false,false,Listed
HARDWYN,Hardwyn India Ltd,Unknown,Unknown,INE626Z01029,Unknown,false,false,Listed
HARIOMPIPE,Hariom Pipe Industries Ltd,Unknown,Unknown,INE00EV01017,Unknown,false,false,Listed
HARRMALAYA,Harrisons Malayalam Ltd,Unknown,Unknown,INE544A01019,Unknown,false,false,Listed
HARSHA,Harsha Engineers International Ltd,Unknown,Unknown,INE0JUS01029,Unknown,false,false,Listed
HATHWAY,Hathway Cable & Datacom Ltd,Unknown,Unknown,INE982F01036,Unknown,false,false,Listed
HATSUN,Hatsun Agro Product Ltd,Unknown,Unknown,INE473B01035,Unknown,false,false,Listed
HAVELLS,Havells India Ltd,Consumer Durables,Consumer Durables,INE176B01034,Mid Cap,false,false,Listed
HAVISHA,Sri Havisha Hospitality and Infrastructure Ltd,Unknown,Unknown,INE293B01029,Unknown,false,false,Listed
HAWKINCOOK,Hawkins Cookers Ltd,Unknown,Unknown,INE979B01015,Unknown,false,false,Listed
HBESD,HB Estate Developers Ltd,Unknown,Unknown,INE640B01021,Unknown,false,false,Listed
HBLENGINE,HBL Engineering Ltd,Capital Goods,Capital Goods,INE292B01021,Small Cap,false,false,Listed
HCC,Hindustan Construction Company Ltd,Construction,Construction,INE549A01026,Micro Cap,false,false,Listed
HCG,Healthcare Global Enterprises Ltd,Healthcare,Healthcare,INE075I01017,Micro Cap,false,false,Listed
HCL-INSYS,HCL Infosystems Ltd,Unknown,Unknown,INE236A01020,Unknown,false,false,Listed
HCLTECH,HCL Technologies Ltd,Information Technology,Information Technology,INE860A01027,Large Cap,true,false,Listed
HDBFS,HDB Financial Services Ltd,Financial Services,Financial Services,INE756I01012,Mid Cap,false,false,Listed
HDFCAMC,HDFC Asset Management Company Ltd,Financial Services,Financial Services,INE127D01025,Large Cap,false,true,Listed
HDFCBANK,HDFC Bank Ltd,Financial Services,Financial Services,INE040A01034,Large Cap,true,false,Listed
HDFCLIFE,HDFC Life Insurance Company Ltd,Financial Services,Financial Services,INE795G01014,Large Cap,true,false,Listed
HEADSUP,Heads UP Ventures Ltd,Unknown,Unknown,INE759V01019,Unknown,false,false,Listed
HEALTHX,Health X Platform Ltd,Unknown,Unknown,INE019J01013,Unknown,false,false,Listed
HECPROJECT,HEC Infra Projects Ltd,Unknown,Unknown,INE558R01013,Unknown,false,false,Listed
HEG,HEG Ltd,Capital Goods,Capital Goods,INE545A01024,Small Cap,false,false,Listed
HEIDELBERG,HeidelbergCement India Ltd,Unknown,Unknown,INE578A01017,Unknown,false,false,Listed
HEMIPROP,Hemisphere Properties India Ltd,Services,Services,INE0AJG01018,Micro Cap,false,false,Listed
HERANBA,Heranba Industries Ltd,Unknown,Unknown,INE694N01015,Unknown,false,false,Listed
HERITGFOOD,Heritage Foods Ltd,Fast Moving Consumer Goods,Fast Moving Consumer Goods,INE978A01027,Micro Cap,false,false,Listed
HEROMOTOCO,Hero MotoCorp Ltd,Automobile and Auto Components,Automobile and Auto Components,INE158A01026,Mid Cap,false,false,Listed
HESTERBIO,Hester Biosciences Ltd,Unknown,Unknown,INE782E01017,Unknown,false,false,Listed
HEXAGON,Hexagon Nutrition Ltd,Unknown,Unknown,INE0JUI01012,Unknown,false,false,Listed
HEXATRADEX,Hexa Tradex Ltd,Unknown,Unknown,INE750M01017,Unknown,false,false,Listed
HEXT,Hexaware Technologies Ltd,Information Technology,Information Technology,INE093A01041,Mid Cap,false,false,Listed
HFCL,HFCL Ltd,Telecommunication,Telecommunication,INE548A01028,Small Cap,false,false,Listed
HGINFRA,H.G. Infra Engineering Ltd,Construction,Construction,INE926X01010,Micro Cap,false,false,Listed
HGM,HandsOn Global Management (HGM) Ltd,Unknown,Unknown,INE596H01014,Unknown,false,false,Listed
HGS,Hinduja Global Solutions Ltd,Unknown,Unknown,INE170I01016,Unknown,false,false,Listed
HIKAL,Hikal Ltd,Unknown,Unknown,INE475B01022,Unknown,false,false,Listed
HIMATSEIDE,Himatsingka Seide Ltd,Unknown,Unknown,INE049A01027,Unknown,false,false,Listed
HINDALCO,Hindalco Industries Ltd,Metals & Mining,Metals & Mining,INE038A01020,Large Cap,true,false,Listed
HINDCOMPOS,Hindustan Composites Ltd,Unknown,Unknown,INE310C01029,Unknown,false,false,Listed
HINDCOPPER,Hindustan Copper Ltd,Metals & Mining,Metals & Mining,INE531E01026,Small Cap,false,false,Listed
HINDOILEXP,Hindustan Oil Exploration Company Ltd,Unknown,Unknown,INE345A01011,Unknown,false,false,Listed
HINDPETRO,Hindustan Petroleum Corporation Ltd,Oil Gas & Consumable Fuels,Oil Gas & Consumable Fuels,INE094A01015,Mid Cap,false,false,Listed
HINDUNILVR,Hindustan Unilever Ltd,Fast Moving Consumer Goods,Fast Moving Consumer Goods,INE030A01027,Large Cap,true,false,Listed
HINDWAREAP,Hindware Home Innovation Ltd,Unknown,Unknown,INE05AN01011,Unknown,false,false,Listed
HINDZINC,Hindustan Zinc Ltd,Metals & Mining,Metals & Mining,INE267A01025,Large Cap,false,true,Listed
HIRECT,Hind Rectifiers Ltd,Unknown,Unknown,INE835D01023,Unknown,false,false,Listed
HISARMETAL,Hisar Metal Industries Ltd,Unknown,Unknown,INE598C01011,Unknown,false,false,Listed
HITECH,Hi-Tech Pipes Ltd,Unknown,Unknown,INE106T01025,Unknown,false,false,Listed
HLEGLAS,HLE Glascoat Ltd,Unknown,Unknown,INE461D01028,Unknown,false,false,Listed
HLVLTD,HLV Ltd,Unknown,Unknown,INE102A01024,Unknown,false,false,Listed
HMAAGRO,HMA Agro Industries Ltd,Unknown,Unknown,INE0ECP01024,Unknown,false,false,Listed
HMVL,Hindustan Media Ventures Ltd,Unknown,Unknown,INE871K01015,Unknown,false,false,Listed
HNDFDS,Hindustan Foods Ltd,Unknown,Unknown,INE254N01026,Unknown,false,false,Listed
HOMEFIRST,Home First Finance Company India Ltd,Financial Services,Financial Services,INE481N01025,Small Cap,false,false,Listed
HONASA,Honasa Consumer Ltd,Fast Moving Consumer Goods,Fast Moving Consumer Goods,INE0J5401028,Small Cap,false,false,Listed
HONAUT,Honeywell Automation India Ltd,Capital Goods,Capital Goods,INE671A01010,Mid Cap,false,false,Listed
HONDAPOWER,Honda India Power Products Ltd,Unknown,Unknown,INE634A01018,Unknown,false,false,Listed
HPAL,HP Adhesives Ltd,Unknown,Unknown,INE0GSL01024,Unknown,false,false,Listed
HPIL,Hindprakash Industries Ltd,Unknown,Unknown,INE05X901010,Unknown,false,false,Listed
HPL,HPL Electric & Power Ltd,Unknown,Unknown,INE495S01016,Unknown,false,false,Listed
HSCL,Himadri Speciality Chemical Ltd,Chemicals,Chemicals,INE019C01026,Small Cap,false,false,Listed
HTMEDIA,HT Media Ltd,Unknown,Unknown,INE501G01024,Unknown,false,false,Listed
HUBTOWN,Hubtown Ltd,Unknown,Unknown,INE703H01016,Unknown,false,false,Listed
HUDCO,Housing & Urban Development Corporation Ltd,Financial Services,Financial Services,INE031A01017,Mid Cap,false,false,Listed
HUHTAMAKI,Huhtamaki India Ltd,Unknown,Unknown,INE275B01026,Unknown,false,false,Listed
HYUNDAI,Hyundai Motor India Ltd,Automobile and Auto Components,Automobile and Auto Components,INE0V6F01027,Large Cap,false,true,Listed
ICDSLTD,ICDS Ltd,Unknown,Unknown,INE613B01010,Unknown,false,false,Listed
ICEMAKE,Ice Make Refrigeration Ltd,Unknown,Unknown,INE520Y01019,Unknown,false,false,Listed
ICICIAMC,ICICI Prudential Asset Management Company Ltd,Financial Services,Financial Services,INE346A01027,Mid Cap,false,false,Listed
ICICIBANK,ICICI Bank Ltd,Financial Services,Financial Services,INE090A01021,Large Cap,true,false,Listed
ICICIGI,ICICI Lombard General Insurance Company Ltd,Financial Services,Financial Services,INE765G01017,Mid Cap,false,false,Listed
ICICIPRULI,ICICI Prudential Life Insurance Company Ltd,Financial Services,Financial Services,INE726G01019,Mid Cap,false,false,Listed
ICIL,Indo Count Industries Ltd,Textiles,Textiles,INE483B01026,Micro Cap,false,false,Listed
ICRA,ICRA Ltd,Unknown,Unknown,INE725G01011,Unknown,false,false,Listed
IDBI,IDBI Bank Ltd,Financial Services,Financial Services,INE008A01015,Small Cap,false,false,Listed
IDEA,Vodafone Idea Ltd,Telecommunication,Telecommunication,INE669E01016,Mid Cap,false,false,Listed
IDFCFIRSTB,IDFC First Bank Ltd,Financial Services,Financial Services,INE092T01019,Mid Cap,false,false,Listed
IEX,Indian Energy Exchange Ltd,Financial Services,Financial Services,INE022Q01020,Small Cap,false,false,Listed
IFBIND,IFB Industries Ltd,Consumer Durables,Consumer Durables,INE559A01017,Micro Cap,false,false,Listed
IFCI,IFCI Ltd,Financial Services,Financial Services,INE039A01010,Small Cap,false,false,Listed
IFGLEXPOR,IFGL Refractories Ltd,Unknown,Unknown,INE133Y01011,Unknown,false,false,Listed
IGARASHI,Igarashi Motors India Ltd,Unknown,Unknown,INE188B01013,Unknown,false,false,Listed
IGCL,Indogulf Cropsciences Ltd,Unknown,Unknown,INE05J901018,Unknown,false,false,Listed
IGIL,International Gemological Institute Ltd,Services,Services,INE0Q9301021,Small Cap,false,false,Listed
IGL,Indraprastha Gas Ltd,Oil Gas & Consumable Fuels,Oil Gas & Consumable Fuels,INE203G01027,Small Cap,false,false,Listed
IGPL,IG Petrochemicals Ltd,Unknown,Unknown,INE204A01010,Unknown,false,false,Listed
IIFL,IIFL Finance Ltd,Financial Services,Financial Services,INE530B01024,Small Cap,false,false,Listed
IIFLCAPS,IIFL Capital Services Ltd,Financial Services,Financial Services,INE489L01022,Micro Cap,false,false,Listed
IITL,Industrial Investment Trust Ltd,Unknown,Unknown,INE886A01014,Unknown,false,false,Listed
IKIO,IKIO Technologies Ltd,Unknown,Unknown,INE0LOJ01019,Unknown,false,false,Listed
IKS,Inventurus Knowledge Solutions Ltd,Information Technology,Information Technology,INE115Q01022,Small Cap,false,false,Listed
IMAGICAA,Imagicaaworld Entertainment Ltd,Unknown,Unknown,INE172N01012,Unknown,false,false,Listed
IMFA,Indian Metals & Ferro Alloys Ltd,Metals & Mining,Metals & Mining,INE919H01018,Micro Cap,false,false,Listed
IMPAL,India Motor Parts and Accessories Ltd,Unknown,Unknown,INE547E01014,Unknown,false,false,Listed
INA,Insolation Energy Ltd,Unknown,Unknown,INE0LGX01024,Unknown,false,false,Listed
INCREDIBLE,INCREDIBLE INDUSTRIES Ltd,Unknown,Unknown,INE452L01012,Unknown,false,false,Listed
INDBANK,Indbank Merchant Banking Services Ltd,Unknown,Unknown,INE841B01017,Unknown,false,false,Listed
INDGN,Indegene Ltd,Healthcare,Healthcare,INE065X01017,Small Cap,false,false,Listed
INDHOTEL,The Indian Hotels Company Ltd,Consumer Services,Consumer Services,INE053A01029,Large Cap,false,true,Listed
INDIACEM,The India Cements Ltd,Construction Materials,Construction Materials,INE383A01012,Small Cap,false,false,Listed
INDIAGLYCO,India Glycols Ltd,Fast Moving Consumer Goods,Fast Moving Consumer Goods,INE560A01023,Micro Cap,false,false,Listed
INDIAMART,Indiamart Intermesh Ltd,Consumer Services,Consumer Services,INE933S01016,Small Cap,false,false,Listed
INDIANB,Indian Bank,Financial Services,Financial Services,INE562A01011,Mid Cap,false,false,Listed
INDIANCARD,Indian Card Clothing Company Ltd,Unknown,Unknown,INE061A01014,Unknown,false,false,Listed
INDIANHUME,Indian Hume Pipe Company Ltd,Unknown,Unknown,INE323C01030,Unknown,false,false,Listed
INDIASHLTR,India Shelter Finance Corporation Ltd,Financial Services,Financial Services,INE922K01024,Micro Cap,false,false,Listed
INDIGO,InterGlobe Aviation Ltd,Services,Services,INE646L01027,Large Cap,true,false,Listed
INDIGOPNTS,Indigo Paints Ltd,Consumer Durables,Consumer Durables,INE09VQ01012,Micro Cap,false,false,Listed
INDIQUBE,Indiqube Spaces Ltd,Unknown,Unknown,INE06ST01018,Unknown,false,false,Listed
INDNIPPON,India Nippon Electricals Ltd,Unknown,Unknown,INE092B01025,Unknown,false,false,Listed
INDOBORAX,Indo Borax & Chemicals Ltd,Unknown,Unknown,INE803D01021,Unknown,false,false,Listed
INDOCO,Indoco Remedies Ltd,Unknown,Unknown,INE873D01024,Unknown,false,false,Listed
INDOFARM,Indo Farm Equipment Ltd,Unknown,Unknown,INE622H01018,Unknown,false,false,Listed
INDORAMA,Indo Rama Synthetics (India) Ltd,Unknown,Unknown,INE156A01020,Unknown,false,false,Listed
INDOSTAR,IndoStar Capital Finance Ltd,Unknown,Unknown,INE896L01010,Unknown,false,false,Listed
INDOTHAI,Indo Thai Securities Ltd,Unknown,Unknown,INE337M01021,Unknown,false,false,Listed
INDOUS,Indo Us Biotech Ltd,Unknown,Unknown,INE250Z01010,Unknown,false,false,Listed
INDPRUD,Industrial & Prudential Investment Company Ltd,Unknown,Unknown,INE620D01011,Unknown,false,false,Listed
INDRAMEDCO,Indraprastha Medical Corporation Ltd,Unknown,Unknown,INE681B01017,Unknown,false,false,Listed
INDSWFTLAB,Ind-Swift Laboratories Ltd,Unknown,Unknown,INE915B01019,Unknown,false,false,Listed
INDTERRAIN,Indian Terrain Fashions Ltd,Unknown,Unknown,INE611L01021,Unknown,false,false,Listed
INDUSINDBK,IndusInd Bank Ltd,Financial Services,Financial Services,INE095A01012,Mid Cap,false,false,Listed
INDUSTOWER,Indus Towers Ltd,Telecommunication,Telecommunication,INE121J01017,Mid Cap,false,false,Listed
INFOBEAN,InfoBeans Technologies Ltd,Unknown,Unknown,INE344S01016,Unknown,false,false,Listed
INFOMEDIA,Infomedia Press Ltd,Unknown,Unknown,INE669A01022,Unknown,false,false,Listed
INFY,Infosys Ltd,Information Technology,Information Technology,INE009A01021,Large Cap,true,false,Listed
INGERRAND,Ingersoll Rand (India) Ltd,Unknown,Unknown,INE177A01018,Unknown,false,false,Listed
INNOVACAP,Innova Captab Ltd,Unknown,Unknown,INE0DUT01020,Unknown,false,false,Listed
INNOVANA,Innovana Thinklabs Ltd,Unknown,Unknown,INE403Y01018,Unknown,false,false,Listed
INNOVISION,Innovision Ltd,Unknown,Unknown,INE0ADB01012,Unknown,false,false,Listed
INOXGREEN,Inox Green Energy Services Ltd,Services,Services,INE510W01014,Micro Cap,false,false,Listed
INOXINDIA,INOX India Ltd,Capital Goods,Capital Goods,INE616N01034,Micro Cap,false,false,Listed
INOXWIND,Inox Wind Ltd,Capital Goods,Capital Goods,INE066P01011,Small Cap,false,false,Listed
INSECTICID,Insecticides (India) Ltd,Unknown,Unknown,INE070I01018,Unknown,false,false,Listed
INTELLECT,Intellect Design Arena Ltd,Information Technology,Information Technology,INE306R01017,Small Cap,false,false,Listed
INTENTECH,Intense Technologies Ltd,Unknown,Unknown,INE781A01025,Unknown,false,false,Listed
INTERARCH,Interarch Building Solutions Ltd,Unknown,Unknown,INE00M901018,Unknown,false,false,Listed
INTLCONV,International Conveyors Ltd,Unknown,Unknown,INE575C01027,Unknown,false,false,Listed
INVENTURE,Inventure Growth & Securities Ltd,Unknown,Unknown,INE878H01024,Unknown,false,false,Listed
INVPRECQ,Investment & Precision Castings Ltd,Unknown,Unknown,INE155E01016,Unknown,false,false,Listed
IOB,Indian Overseas Bank,Financial Services,Financial Services,INE565A01014,Small Cap,false,false,Listed
IOC,Indian Oil Corporation Ltd,Oil Gas & Consumable Fuels,Oil Gas & Consumable Fuels,INE242A01010,Large Cap,false,true,Listed
IOLCP,IOL Chemicals and Pharmaceuticals Ltd,Unknown,Unknown,INE485C01029,Unknown,false,false,Listed
IONEXCHANG,ION Exchange (India) Ltd,Utilities,Utilities,INE570A01022,Micro Cap,false,false,Listed
IPCALAB,IPCA Laboratories Ltd,Healthcare,Healthcare,INE571A01038,Mid Cap,false,false,Listed
IPL,India Pesticides Ltd,Unknown,Unknown,INE0D6701023,Unknown,false,false,Listed
IRB,IRB Infrastructure Developers Ltd,Construction,Construction,INE821I01022,Small Cap,false,false,Listed
IRCON,Ircon International Ltd,Construction,Construction,INE962Y01021,Small Cap,false,false,Listed
IRCTC,Indian Railway Catering And Tourism Corporation Ltd,Consumer Services,Consumer Services,INE335Y01020,Mid Cap,false,false,Listed
IREDA,Indian Renewable Energy Development Agency Ltd,Financial Services,Financial Services,INE202E01016,Mid Cap,false,false,Listed
IRFC,Indian Railway Finance Corporation Ltd,Financial Services,Financial Services,INE053F01010,Large Cap,false,true,Listed
IRIS,IRIS RegTech Solutions Ltd,Unknown,Unknown,INE864K01010,Unknown,false,false,Listed
IRISDOREME,Iris Clothings Ltd,Unknown,Unknown,INE01GN01025,Unknown,false,false,Listed
IRMENERGY,IRM Energy Ltd,Unknown,Unknown,INE07U701015,Unknown,false,false,Listed
ISFT,Intrasoft Technologies Ltd,Unknown,Unknown,INE566K01011,Unknown,false,false,Listed
ISGEC,Isgec Heavy Engineering Ltd,Unknown,Unknown,INE858B01029,Unknown,false,false,Listed
ISHANCH,Ishan Dyes and Chemicals Ltd,Unknown,Unknown,INE561M01018,Unknown,false,false,Listed
ITC,ITC Ltd,Fast Moving Consumer Goods,Fast Moving Consumer Goods,INE154A01025,Large Cap,true,false,Listed
ITCHOTELS,ITC Hotels Ltd,Consumer Services,Consumer Services,INE379A01028,Mid Cap,false,false,Listed
ITDC,India Tourism Development Corporation Ltd,Unknown,Unknown,INE353K01014,Unknown,false,false,Listed
ITI,ITI Ltd,Telecommunication,Telecommunication,INE248A01017,Small Cap,false,false,Listed
IVALUE,Ivalue Infosolutions Ltd,Unknown,Unknown,INE056801025,Unknown,false,false,Listed
IVC,IL&FS Investment Managers Ltd,Unknown,Unknown,INE050B01023,Unknown,false,false,Listed
IVP,IVP Ltd,Unknown,Unknown,INE043C01018,Unknown,false,false,Listed
IWP,The Indian Wood Products Company Ltd,Unknown,Unknown,INE586E01020,Unknown,false,false,Listed
IXIGO,Le Travenues Technology Ltd,Consumer Services,Consumer Services,INE0HV901016,Micro Cap,false,false,Listed
IZMO,IZMO Ltd,Unknown,Unknown,INE848A01014,Unknown,false,false,Listed
J&KBANK,The Jammu & Kashmir Bank Ltd,Financial Services,Financial Services,INE168A01041,Small Cap,false,false,Listed
JAGRAN,Jagran Prakashan Ltd,Unknown,Unknown,INE199G01027,Unknown,false,false,Listed
JAGSNPHARM,Jagsonpal Pharmaceuticals Ltd,Unknown,Unknown,INE048B01035,Unknown,false,false,Listed
JAIBALAJI,Jai Balaji Industries Ltd.,Metals & Mining,Metals & Mining,INE091G01026,Micro Cap,false,false,Listed
JAICORPLTD,Jai Corp Ltd,Unknown,Unknown,INE070D01027,Unknown,false,false,Listed
JAINREC,Jain Resource Recycling Ltd,Metals & Mining,Metals & Mining,INE0YD401026,Small Cap,false,false,Listed
JAIPURKURT,Nandani Creation Ltd,Unknown,Unknown,INE696V01013,Unknown,false,false,Listed
JAMNAAUTO,Jamna Auto Industries Ltd,Automobile and Auto Components,Automobile and Auto Components,INE039C01032,Micro Cap,false,false,Listed
JARO,Jaro Institute of Technology Management and Research Ltd,Unknown,Unknown,INE00YJ01010,Unknown,false,false,Listed
JASH,Jash Engineering Ltd,Unknown,Unknown,INE039O01029,Unknown,false,false,Listed
JAYAGROGN,Jayant Agro Organics Ltd,Unknown,Unknown,INE785A01026,Unknown,false,false,Listed
JAYBARMARU,Jay Bharat Maruti Ltd,Unknown,Unknown,INE571B01036,Unknown,false,false,Listed
JAYKAY,Jaykay Enterprises Ltd,Unknown,Unknown,INE903A01025,Unknown,false,false,Listed
JAYNECOIND,Jayaswal Neco Industries Ltd,Capital Goods,Capital Goods,INE854B01010,Micro Cap,false,false,Listed
JAYSREETEA,Jayshree Tea & Industries Ltd,Unknown,Unknown,INE364A01020,Unknown,false,false,Listed
JBCHEPHARM,JB Chemicals & Pharmaceuticals Ltd,Healthcare,Healthcare,INE572A01036,Small Cap,false,false,Listed
JBMA,JBM Auto Ltd,Automobile and Auto Components,Automobile and Auto Components,INE927D01051,Small Cap,false,false,Listed
JETFREIGHT,Jet Freight Logistics Ltd,Unknown,Unknown,INE982V01025,Unknown,false,false,Listed
JGCHEM,J.G.Chemicals Ltd,Unknown,Unknown,INE0MB501011,Unknown,false,false,Listed
JHS,JHS Svendgaard Laboratories Ltd,Unknown,Unknown,INE544H01014,Unknown,false,false,Listed
JINDALPHOT,Jindal Photo Ltd,Unknown,Unknown,INE796G01012,Unknown,false,false,Listed
JINDALPOLY,Jindal Poly Films Ltd,Unknown,Unknown,INE197D01010,Unknown,false,false,Listed
JINDALSAW,Jindal Saw Ltd,Capital Goods,Capital Goods,INE324A01032,Small Cap,false,false,Listed
JINDALSTEL,JINDAL STEEL Ltd,Metals & Mining,Metals & Mining,INE749A01030,Large Cap,false,true,Listed
JINDRILL,Jindal Drilling And Industries Ltd,Unknown,Unknown,INE742C01031,Unknown,false,false,Listed
JINDWORLD,Jindal Worldwide Ltd,Unknown,Unknown,INE247D01039,Unknown,false,false,Listed
JIOFIN,Jio Financial Services Ltd,Financial Services,Financial Services,INE758E01017,Large Cap,true,false,Listed
JISLDVREQS,Jain Irrigation Systems Ltd,Unknown,Unknown,IN9175A01010,Unknown,false,false,Listed
JISLJALEQS,Jain Irrigation Systems Ltd,Unknown,Unknown,INE175A01038,Unknown,false,false,Listed
JITFINFRA,JITF Infralogistics Ltd,Unknown,Unknown,INE863T01013,Unknown,false,false,Listed
JKCEMENT,JK Cement Ltd,Construction Materials,Construction Materials,INE823G01014,Mid Cap,false,false,Listed
JKIL,J.Kumar Infraprojects Ltd,Unknown,Unknown,INE576I01022,Unknown,false,false,Listed
JKLAKSHMI,JK Lakshmi Cement Ltd,Construction Materials,Construction Materials,INE786A01032,Micro Cap,false,false,Listed
JKPAPER,JK Paper Ltd,Forest Materials,Forest Materials,INE789E01012,Micro Cap,false,false,Listed
JKTYRE,JK Tyre & Industries Ltd,Automobile and Auto Components,Automobile and Auto Components,INE573A01042,Small Cap,false,false,Listed
JLHL,Jupiter Life Line Hospitals Ltd,Healthcare,Healthcare,INE682M01012,Micro Cap,false,false,Listed
JMA,Jullundur Motor Agency (Delhi) Ltd,Unknown,Unknown,INE412C01023,Unknown,false,false,Listed
JMFINANCIL,JM Financial Ltd,Financial Services,Financial Services,INE780C01023,Small Cap,false,false,Listed
JNKINDIA,JNK India Ltd,Unknown,Unknown,INE0OAF01028,Unknown,false,false,Listed
JPOLYINVST,Jindal Poly Investment and Finance Company Ltd,Unknown,Unknown,INE147P01019,Unknown,false,false,Listed
JPPOWER,Jaiprakash Power Ventures Ltd,Power,Power,INE351F01018,Small Cap,false,false,Listed
JSFB,Jana Small Finance Bank Ltd,Financial Services,Financial Services,INE953L01027,Micro Cap,false,false,Listed
JSL,Jindal Stainless Ltd,Metals & Mining,Metals & Mining,INE220G01021,Mid Cap,false,false,Listed
JSLL,Jeena Sikho Lifecare Ltd,Consumer Services,Consumer Services,INE0J5801029,Micro Cap,false,false,Listed
JSWCEMENT,JSW Cement Ltd,Construction Materials,Construction Materials,INE718I01012,Small Cap,false,false,Listed
JSWDULUX,JSW Dulux Ltd,Consumer Durables,Consumer Durables,INE133A01011,Small Cap,false,false,Listed
JSWENERGY,JSW Energy Ltd,Power,Power,INE121E01018,Mid Cap,false,false,Listed
JSWHL,JSW Holdings Ltd,Unknown,Unknown,INE824G01012,Unknown,false,false,Listed
JSWINFRA,JSW Infrastructure Ltd,Services,Services,INE880J01026,Mid Cap,false,false,Listed
JSWSTEEL,JSW Steel Ltd,Metals & Mining,Metals & Mining,INE019A01038,Large Cap,true,false,Listed
JTEKTINDIA,Jtekt India Ltd,Unknown,Unknown,INE643A01035,Unknown,false,false,Listed
JTLIND,JTL INDUSTRIES Ltd,Unknown,Unknown,INE391J01032,Unknown,false,false,Listed
JUBLCPL,Jubilant Agri and Consumer Products Ltd,Unknown,Unknown,INE03CC01015,Unknown,false,false,Listed
JUBLFOOD,Jubilant Foodworks Ltd,Consumer Services,Consumer Services,INE797F01020,Mid Cap,false,false,Listed
JUBLINGREA,Jubilant Ingrevia Ltd,Chemicals,Chemicals,INE0BY001018,Small Cap,false,false,Listed
JUBLPHARMA,Jubilant Pharmova Ltd,Healthcare,Healthcare,INE700A01033,Small Cap,false,false,Listed
JUNIPER,Juniper Hotels Ltd,Unknown,Unknown,INE696F01016,Unknown,false,false,Listed
JUSTDIAL,Just Dial Ltd,Consumer Services,Consumer Services,INE599M01018,Micro Cap,false,false,Listed
JWL,Jupiter Wagons Ltd,Capital Goods,Capital Goods,INE209L01016,Small Cap,false,false,Listed
JYOTHYLAB,Jyothy Labs Ltd,Fast Moving Consumer Goods,Fast Moving Consumer Goods,INE668F01031,Micro Cap,false,false,Listed
JYOTICNC,Jyoti CNC Automation Ltd,Capital Goods,Capital Goods,INE980O01024,Small Cap,false,false,Listed
JYOTISTRUC,Jyoti Structures Ltd,Unknown,Unknown,INE197A01024,Unknown,false,false,Listed
KABRAEXTRU,Kabra Extrusion Technik Ltd,Unknown,Unknown,INE900B01029,Unknown,false,false,Listed
KAJARIACER,Kajaria Ceramics Ltd,Consumer Durables,Consumer Durables,INE217B01036,Small Cap,false,false,Listed
KALAMANDIR,Sai Silks (Kalamandir) Ltd,Unknown,Unknown,INE438K01021,Unknown,false,false,Listed
KALPATARU,Kalpataru Ltd,Unknown,Unknown,INE227J01012,Unknown,false,false,Listed
KALYANIFRG,Kalyani Forge Ltd,Unknown,Unknown,INE314G01014,Unknown,false,false,Listed
KALYANKJIL,Kalyan Jewellers India Ltd,Consumer Durables,Consumer Durables,INE303R01014,Mid Cap,false,false,Listed
KAMAHOLD,Kama Holdings Ltd,Unknown,Unknown,INE411F01010,Unknown,false,false,Listed
KAMATHOTEL,Kamat Hotels (I) Ltd,Unknown,Unknown,INE967C01018,Unknown,false,false,Listed
KAMOPAINTS,Kamdhenu Ventures Ltd,Unknown,Unknown,INE0BTI01037,Unknown,false,false,Listed
KANANIIND,Kanani Industries Ltd,Unknown,Unknown,INE879E01037,Unknown,false,false,Listed
KANPRPLA,Kanpur Plastipack Ltd,Unknown,Unknown,INE694E01014,Unknown,false,false,Listed
KANSAINER,Kansai Nerolac Paints Ltd,Consumer Durables,Consumer Durables,INE531A01024,Micro Cap,false,false,Listed
KAPSTON,Kapston Services Ltd,Unknown,Unknown,INE542Z01028,Unknown,false,false,Listed
KARMAENG,Karma Energy Ltd,Unknown,Unknown,INE725L01011,Unknown,false,false,Listed
KARURVYSYA,Karur Vysya Bank Ltd,Financial Services,Financial Services,INE036D01028,Small Cap,false,false,Listed
KAUSHALYA,Kaushalya Infrastructure Development Corporation Ltd,Unknown,Unknown,INE234I01028,Unknown,false,false,Listed
KAVDEFENCE,Kavveri Defence & Wireless Technologies Ltd,Unknown,Unknown,INE641C01019,Unknown,false,false,Listed
KAYA,Kaya Ltd,Unknown,Unknown,INE587G01015,Unknown,false,false,Listed
KAYNES,Kaynes Technology India Ltd,Capital Goods,Capital Goods,INE918Z01012,Small Cap,false,false,Listed
KCP,KCP Ltd,Unknown,Unknown,INE805C01028,Unknown,false,false,Listed
KCPSUGIND,KCP Sugar and Industries Corporation Ltd,Unknown,Unknown,INE790B01024,Unknown,false,false,Listed
KDDL,KDDL Ltd,Unknown,Unknown,INE291D01011,Unknown,false,false,Listed
KEC,KEC International Ltd,Construction,Construction,INE389H01022,Small Cap,false,false,Listed
KEEPLEARN,DSJ Keep Learning Ltd,Unknown,Unknown,INE055C01020,Unknown,false,false,Listed
KEI,KEI Industries Ltd,Capital Goods,Capital Goods,INE878B01027,Mid Cap,false,false,Listed
KELLTONTEC,Kellton Tech Solutions Ltd,Unknown,Unknown,INE164B01030,Unknown,false,false,Listed
KENNAMET,Kennametal India Ltd,Unknown,Unknown,INE717A01029,Unknown,false,false,Listed
KERNEX,Kernex Microsystems (India) Ltd,Unknown,Unknown,INE202H01019,Unknown,false,false,Listed
KEYFINSERV,Keynote Financial Services Ltd,Unknown,Unknown,INE681C01015,Unknown,false,false,Listed
KFINTECH,Kfin Technologies Ltd,Financial Services,Financial Services,INE138Y01010,Small Cap,false,false,Listed
KHANDSE,Khandwala Securities Ltd,Unknown,Unknown,INE060B01014,Unknown,false,false,Listed
KICL,Kalyani Investment Company Ltd,Unknown,Unknown,INE029L01018,Unknown,false,false,Listed
KIMS,Krishna Institute of Medical Sciences Ltd,Healthcare,Healthcare,INE967H01025,Small Cap,false,false,Listed
KINGFA,Kingfa Science & Technology (India) Ltd,Unknown,Unknown,INE473D01015,Unknown,false,false,Listed
KIOCL,KIOCL Ltd,Unknown,Unknown,INE880L01014,Unknown,false,false,Listed
KIRANVYPAR,Kiran Vyapar Ltd,Unknown,Unknown,INE555P01013,Unknown,false,false,Listed
KIRIINDUS,Kiri Industries Ltd,Unknown,Unknown,INE415I01015,Unknown,false,false,Listed
KIRLFER,Kirloskar Ferrous Industries Ltd,Unknown,Unknown,INE884B01025,Unknown,false,false,Listed
KIRLOSBROS,Kirloskar Brothers Ltd,Capital Goods,Capital Goods,INE732A01036,Micro Cap,false,false,Listed
KIRLOSENG,Kirloskar Oil Engines Ltd,Capital Goods,Capital Goods,INE146L01010,Small Cap,false,false,Listed
KIRLOSIND,Kirloskar Industries Ltd,Unknown,Unknown,INE250A01039,Unknown,false,false,Listed
KIRLPNU,Kirloskar Pneumatic Company Ltd,Capital Goods,Capital Goods,INE811A01020,Micro Cap,false,false,Listed
KISSHT,OnEMI Technology Solutions Ltd,Unknown,Unknown,INE12F801023,Unknown,false,false,Listed
KITEX,Kitex Garments Ltd,Textiles,Textiles,INE602G01020,Micro Cap,false,false,Listed
KKCL,Kewal Kiran Clothing Ltd,Unknown,Unknown,INE401H01017,Unknown,false,false,Listed
KLBRENG-B,Kilburn Engineering Ltd,Unknown,Unknown,INE338F01015,Unknown,false,false,Listed
KMEW,Knowledge Marine & Engineering Works Ltd,Unknown,Unknown,INE0CJD01029,Unknown,false,false,Listed
KMSUGAR,K.M.Sugar Mills Ltd,Unknown,Unknown,INE157H01023,Unknown,false,false,Listed
KNAGRI,KN Agri Resources Ltd,Unknown,Unknown,INE0KNW01016,Unknown,false,false,Listed
KNRCON,KNR Constructions Ltd,Construction,Construction,INE634I01029,Micro Cap,false,false,Listed
KOHINOOR,Kohinoor Foods Ltd,Unknown,Unknown,INE080B01012,Unknown,false,false,Listed
KOKUYOCMLN,Kokuyo Camlin Ltd,Unknown,Unknown,INE760A01029,Unknown,false,false,Listed
KOLTEPATIL,Kolte - Patil Developers Ltd,Unknown,Unknown,INE094I01018,Unknown,false,false,Listed
KOTAKBANK,Kotak Mahindra Bank Ltd,Financial Services,Financial Services,INE237A01036,Large Cap,true,false,Listed
KOTARISUG,Kothari Sugars And Chemicals Ltd,Unknown,Unknown,INE419A01022,Unknown,false,false,Listed
KOTHARIPET,Kothari Petrochemicals Ltd,Unknown,Unknown,INE720A01015,Unknown,false,false,Listed
KOTHARIPRO,Kothari Products Ltd,Unknown,Unknown,INE823A01017,Unknown,false,false,Listed
KOTIC,Kothari Industrial Corporation Ltd,Unknown,Unknown,INE972A01020,Unknown,false,false,Listed
KOVAI,Kovai Medical Center & Hospital Ltd,Unknown,Unknown,INE177F01017,Unknown,false,false,Listed
KPEL,K.P. Energy Ltd,Unknown,Unknown,INE127T01021,Unknown,false,false,Listed
KPIGREEN,KPI Green Energy Ltd,Power,Power,INE542W01025,Micro Cap,false,false,Listed
KPIL,Kalpataru Projects International Ltd,Construction,Construction,INE220B01022,Small Cap,false,false,Listed
KPITTECH,KPIT Technologies Ltd,Information Technology,Information Technology,INE04I401011,Mid Cap,false,false,Listed
KPL,Kwality Pharmaceuticals Ltd,Unknown,Unknown,INE552U01010,Unknown,false,false,Listed
KPRMILL,K.P.R. Mill Ltd,Textiles,Textiles,INE930H01031,Mid Cap,false,false,Listed
KRBL,KRBL Ltd,Fast Moving Consumer Goods,Fast Moving Consumer Goods,INE001B01026,Micro Cap,false,false,Listed
KREBSBIO,Krebs Biochemicals and Industries Ltd,Unknown,Unknown,INE268B01013,Unknown,false,false,Listed
KRISHANA,Krishana Phoschem Ltd,Unknown,Unknown,INE506W01020,Unknown,false,false,Listed
KRISHIVAL,Krishival Foods Ltd,Unknown,Unknown,INE0GGO01015,Unknown,false,false,Listed
KRISHNADEF,Krishna Defence And Allied Industries Ltd,Unknown,Unknown,INE0J5601015,Unknown,false,false,Listed
KRITIKA,Kritika Wires Ltd,Unknown,Unknown,INE00Z501029,Unknown,false,false,Listed
KRN,KRN Heat Exchanger and Refrigeration Ltd.,Capital Goods,Capital Goods,INE0Q3J01015,Micro Cap,false,false,Listed
KRONOX,Kronox Lab Sciences Ltd,Unknown,Unknown,INE0ATZ01017,Unknown,false,false,Listed
KROSS,Kross Ltd,Unknown,Unknown,INE0O6601022,Unknown,false,false,Listed
KRSNAA,Krsnaa Diagnostics Ltd,Unknown,Unknown,INE08LI01020,Unknown,false,false,Listed
KRYSTAL,Krystal Integrated Services Ltd,Unknown,Unknown,INE0QN801017,Unknown,false,false,Listed
KSB,Ksb Ltd,Capital Goods,Capital Goods,INE999A01023,Micro Cap,false,false,Listed
KSCL,Kaveri Seed Company Ltd,Fast Moving Consumer Goods,Fast Moving Consumer Goods,INE455I01029,Micro Cap,false,false,Listed
KSHINTL,KSH International Ltd,Unknown,Unknown,INE987S01020,Unknown,false,false,Listed
KSL,Kalyani Steels Ltd,Unknown,Unknown,INE907A01026,Unknown,false,false,Listed
KSOLVES,Ksolves India Ltd,Unknown,Unknown,INE0D6I01023,Unknown,false,false,Listed
KSR,KSR Footwear Ltd,Unknown,Unknown,INE1SPP01016,Unknown,false,false,Listed
KTKBANK,The Karnataka Bank Ltd,Financial Services,Financial Services,INE614B01018,Micro Cap,false,false,Listed
KUANTUM,Kuantum Papers Ltd,Unknown,Unknown,INE529I01021,Unknown,false,false,Listed
KWIL,Kwality Wall's (India) Ltd,Unknown,Unknown,INE2KCE01013,Unknown,false,false,Listed
LAGNAM,Lagnam Spintex Ltd,Unknown,Unknown,INE548Z01017,Unknown,false,false,Listed
LAHOTIOV,Lahoti Overseas Ltd,Unknown,Unknown,INE515C01023,Unknown,false,false,Listed
LAL,Lorenzini Apparels Ltd,Unknown,Unknown,INE740X01023,Unknown,false,false,Listed
LALPATHLAB,Dr. Lal Path Labs Ltd.,Healthcare,Healthcare,INE600L01024,Small Cap,false,false,Listed
LAMBODHARA,Lambodhara Textiles Ltd,Unknown,Unknown,INE112F01022,Unknown,false,false,Listed
LANCORHOL,Lancor Holdings Ltd,Unknown,Unknown,INE572G01025,Unknown,false,false,Listed
LANDMARK,Landmark Cars Ltd,Unknown,Unknown,INE559R01029,Unknown,false,false,Listed
LANDSMILL,Landsmill Green Ltd,Unknown,Unknown,INE688J01023,Unknown,false,false,Listed
LAOPALA,La Opala RG Ltd,Unknown,Unknown,INE059D01020,Unknown,false,false,Listed
LASA,Lasa Supergenerics Ltd,Unknown,Unknown,INE670X01014,Unknown,false,false,Listed
LATENTVIEW,Latent View Analytics Ltd,Information Technology,Information Technology,INE0I7C01011,Small Cap,false,false,Listed
LAURUSLABS,Laurus Labs Ltd,Healthcare,Healthcare,INE947Q01028,Mid Cap,false,false,Listed
LAXMICOT,Laxmi Cotspin Ltd,Unknown,Unknown,INE801V01019,Unknown,false,false,Listed
LAXMIDENTL,Laxmi Dental Ltd,Unknown,Unknown,INE0WO601020,Unknown,false,false,Listed
LCCINFOTEC,LCC Infotech Ltd,Unknown,Unknown,INE938A01021,Unknown,false,false,Listed
LEMERITE,Le Merite Exports Ltd,Unknown,Unknown,INE0G1L01025,Unknown,false,false,Listed
LEMONTREE,Lemon Tree Hotels Ltd,Consumer Services,Consumer Services,INE970X01018,Small Cap,false,false,Listed
LENSKART,Lenskart Solutions Ltd,Consumer Services,Consumer Services,INE956O01016,Mid Cap,false,false,Listed
LEXUS,Lexus Granito (India) Ltd,Unknown,Unknown,INE500X01013,Unknown,false,false,Listed
LFIC,Lakshmi Finance & Industrial Corporation Ltd,Unknown,Unknown,INE850E01012,Unknown,false,false,Listed
LGBBROSLTD,LG Balakrishnan & Bros Ltd,Unknown,Unknown,INE337A01034,Unknown,false,false,Listed
LGEINDIA,LG Electronics India Ltd,Consumer Durables,Consumer Durables,INE324D01010,Mid Cap,false,false,Listed
LGHL,Laxmi Goldorna House Ltd,Unknown,Unknown,INE258Y01016,Unknown,false,false,Listed
LIBAS,Libas Consumer Products Ltd,Unknown,Unknown,INE908V01012,Unknown,false,false,Listed
LIBERTSHOE,Liberty Shoes Ltd,Unknown,Unknown,INE557B01019,Unknown,false,false,Listed
LICHSGFIN,LIC Housing Finance Ltd,Financial Services,Financial Services,INE115A01026,Mid Cap,false,false,Listed
LICI,Life Insurance Corporation Of India,Financial Services,Financial Services,INE0J1Y01017,Mid Cap,false,false,Listed
LINC,Linc Ltd,Unknown,Unknown,INE802B01027,Unknown,false,false,Listed
LINCOLN,Lincoln Pharmaceuticals Ltd,Unknown,Unknown,INE405C01035,Unknown,false,false,Listed
LINDEINDIA,Linde India Ltd,Chemicals,Chemicals,INE473A01011,Mid Cap,false,false,Listed
LLOYDSENGG,LLOYDS ENGINEERING WORKS Ltd,Capital Goods,Capital Goods,INE093R01011,Micro Cap,false,false,Listed
LLOYDSENT,Lloyds Enterprises Ltd,Metals & Mining,Metals & Mining,INE080I01025,Micro Cap,false,false,Listed
LLOYDSME,Lloyds Metals And Energy Ltd,Metals & Mining,Metals & Mining,INE281B01032,Mid Cap,false,false,Listed
LMW,LMW Ltd,Unknown,Unknown,INE269B01029,Unknown,false,false,Listed
LODHA,Lodha Developers Ltd,Realty,Realty,INE670K01029,Large Cap,false,true,Listed
LORDSCHLO,Lords Chloro Alkali Ltd,Unknown,Unknown,INE846D01012,Unknown,false,false,Listed
LOTUSDEV,Sri Lotus Developers and Realty Ltd,Realty,Realty,INE0V9Q01010,Micro Cap,false,false,Listed
LOTUSEYE,Lotus Eye Hospital and Institute Ltd,Unknown,Unknown,INE947I01017,Unknown,false,false,Listed
LOVABLE,Lovable Lingerie Ltd,Unknown,Unknown,INE597L01014,Unknown,false,false,Listed
LOYALTEX,Loyal Textile Mills Ltd,Unknown,Unknown,INE970D01010,Unknown,false,false,Listed
LPDC,Landmark Property Development Company Ltd,Unknown,Unknown,INE197J01017,Unknown,false,false,Listed
LT,Larsen & Toubro Ltd,Construction,Construction,INE018A01030,Large Cap,true,false,Listed
LTF,L&T Finance Ltd,Financial Services,Financial Services,INE498L01015,Mid Cap,false,false,Listed
LTFOODS,LT Foods Ltd,Fast Moving Consumer Goods,Fast Moving Consumer Goods,INE818H01020,Small Cap,false,false,Listed
LTM,LTM Ltd,Information Technology,Information Technology,INE214T01019,Large Cap,false,true,Listed
LTTS,L&T Technology Services Ltd,Information Technology,Information Technology,INE010V01017,Mid Cap,false,false,Listed
LUMAXIND,Lumax Industries Ltd,Unknown,Unknown,INE162B01018,Unknown,false,false,Listed
LUMAXTECH,Lumax Auto Technologies Ltd,Automobile and Auto Components,Automobile and Auto Components,INE872H01027,Micro Cap,false,false,Listed
LUPIN,Lupin Ltd,Healthcare,Healthcare,INE326A01037,Mid Cap,false,false,Listed
LUXIND,Lux Industries Ltd,Unknown,Unknown,INE150G01020,Unknown,false,false,Listed
LXCHEM,Laxmi Organic Industries Ltd,Chemicals,Chemicals,INE576O01020,Micro Cap,false,false,Listed
LYPSAGEMS,Lypsa Gems & Jewellery Ltd,Unknown,Unknown,INE142K01011,Unknown,false,false,Listed
M&M,Mahindra & Mahindra Ltd,Automobile and Auto Components,Automobile and Auto Components,INE101A01026,Large Cap,true,false,Listed
M&MFIN,Mahindra & Mahindra Financial Services Ltd,Financial Services,Financial Services,INE774D01024,Mid Cap,false,false,Listed
MAANALU,Maan Aluminium Ltd,Unknown,Unknown,INE215I01027,Unknown,false,false,Listed
MACPOWER,Macpower CNC Machines Ltd,Unknown,Unknown,INE155Z01011,Unknown,false,false,Listed
MADHAV,Madhav Marbles and Granites Ltd,Unknown,Unknown,INE925C01016,Unknown,false,false,Listed
MADHAVIPL,Madhav Infra Projects Ltd,Unknown,Unknown,INE631R01026,Unknown,false,false,Listed
MADRASFERT,Madras Fertilizers Ltd,Unknown,Unknown,INE414A01015,Unknown,false,false,Listed
MAFATIND,Mafatlal Industries Ltd,Unknown,Unknown,INE270B01035,Unknown,false,false,Listed
MAGADSUGAR,Magadh Sugar & Energy Ltd,Unknown,Unknown,INE347W01011,Unknown,false,false,Listed
MAGNUM,Magnum Ventures Ltd,Unknown,Unknown,INE387I01016,Unknown,false,false,Listed
MAHABANK,Bank of Maharashtra,Financial Services,Financial Services,INE457A01014,Mid Cap,false,false,Listed
MAHAPEXLTD,Maha Rashtra Apex Corporation Ltd,Unknown,Unknown,INE843B01013,Unknown,false,false,Listed
MAHASTEEL,Mahamaya Steel Industries Ltd,Unknown,Unknown,INE451L01014,Unknown,false,false,Listed
MAHEPC,Mahindra EPC Irrigation Ltd,Unknown,Unknown,INE215D01010,Unknown,false,false,Listed
MAHLIFE,Mahindra Lifespace Developers Ltd,Unknown,Unknown,INE813A01018,Unknown,false,false,Listed
MAHLOG,Mahindra Logistics Ltd,Unknown,Unknown,INE766P01016,Unknown,false,false,Listed
MAHSCOOTER,Maharashtra Scooters Ltd,Financial Services,Financial Services,INE288A01013,Micro Cap,false,false,Listed
MAHSEAMLES,Maharashtra Seamless Ltd,Capital Goods,Capital Goods,INE271B01025,Micro Cap,false,false,Listed
MAITHANALL,Maithan Alloys Ltd,Unknown,Unknown,INE683C01011,Unknown,false,false,Listed
MAJESAUT,Majestic Auto Ltd,Unknown,Unknown,INE201B01022,Unknown,false,false,Listed
MALLCOM,Mallcom (India) Ltd,Unknown,Unknown,INE389C01015,Unknown,false,false,Listed
MALUPAPER,Malu Paper Mills Ltd,Unknown,Unknown,INE383H01017,Unknown,false,false,Listed
MAMATA,Mamata Machinery Ltd,Unknown,Unknown,INE0TO701015,Unknown,false,false,Listed
MANAKALUCO,Manaksia Aluminium Company Ltd,Unknown,Unknown,INE859Q01017,Unknown,false,false,Listed
MANAKCOAT,Manaksia Coated Metals & Industries Ltd,Unknown,Unknown,INE830Q01018,Unknown,false,false,Listed
MANAKSIA,Manaksia Ltd,Unknown,Unknown,INE015D01022,Unknown,false,false,Listed
MANALIPETC,Manali Petrochemicals Ltd,Unknown,Unknown,INE201A01024,Unknown,false,false,Listed
MANAPPURAM,Manappuram Finance Ltd,Financial Services,Financial Services,INE522D01027,Small Cap,false,false,Listed
MANBA,Manba Finance Ltd,Unknown,Unknown,INE939X01013,Unknown,false,false,Listed
MANCREDIT,Mangal Credit and Fincorp Ltd,Unknown,Unknown,INE545L01039,Unknown,false,false,Listed
MANGALAM,Mangalam Drugs And Organics Ltd,Unknown,Unknown,INE584F01014,Unknown,false,false,Listed
MANGLMCEM,Mangalam Cement Ltd,Unknown,Unknown,INE347A01017,Unknown,false,false,Listed
MANINDS,Man Industries (India) Ltd,Unknown,Unknown,INE993A01026,Unknown,false,false,Listed
MANINFRA,Man Infraconstruction Ltd,Unknown,Unknown,INE949H01023,Unknown,false,false,Listed
MANKIND,Mankind Pharma Ltd,Healthcare,Healthcare,INE634S01028,Mid Cap,false,false,Listed
MANOMAY,Manomay Tex India Ltd,Unknown,Unknown,INE784W01015,Unknown,false,false,Listed
MANORAMA,Manorama Industries Ltd,Fast Moving Consumer Goods,Fast Moving Consumer Goods,INE00VM01036,Micro Cap,false,false,Listed
MANYAVAR,Vedant Fashions Ltd,Consumer Services,Consumer Services,INE825V01034,Micro Cap,false,false,Listed
MAPMYINDIA,C.E. Info Systems Ltd,Information Technology,Information Technology,INE0BV301023,Small Cap,false,false,Listed
MARATHON,Marathon Nextgen Realty Ltd,Unknown,Unknown,INE182D01020,Unknown,false,false,Listed
MARICO,Marico Ltd,Fast Moving Consumer Goods,Fast Moving Consumer Goods,INE196A01026,Mid Cap,false,false,Listed
MARINE,Marine Electricals (India) Ltd,Unknown,Unknown,INE01JE01028,Unknown,false,false,Listed
MARKOLINES,Markolines Pavement Technologies Ltd,Unknown,Unknown,INE0FW001016,Unknown,false,false,Listed
MARKSANS,Marksans Pharma Ltd,Healthcare,Healthcare,INE750C01026,Micro Cap,false,false,Listed
MARSONS,Marsons Ltd,Unknown,Unknown,INE415B01044,Unknown,false,false,Listed
MARUTI,Maruti Suzuki India Ltd,Automobile and Auto Components,Automobile and Auto Components,INE585B01010,Large Cap,true,false,Listed
MASFIN,MAS Financial Services Ltd,Unknown,Unknown,INE348L01012,Unknown,false,false,Listed
MASTEK,Mastek Ltd,Information Technology,Information Technology,INE759A01021,Micro Cap,false,false,Listed
MASTERTR,Master Trust Ltd,Unknown,Unknown,INE677D01037,Unknown,false,false,Listed
MATRIMONY,Matrimony.Com Ltd,Unknown,Unknown,INE866R01028,Unknown,false,false,Listed
MAXESTATES,Max Estates Ltd,Unknown,Unknown,INE03EI01018,Unknown,false,false,Listed
MAXHEALTH,Max Healthcare Institute Ltd,Healthcare,Healthcare,INE027H01010,Large Cap,true,false,Listed
MAXIND,Max India Ltd,Unknown,Unknown,INE0CG601016,Unknown,false,false,Listed
MAYURUNIQ,Mayur Uniquoters Ltd,Unknown,Unknown,INE040D01038,Unknown,false,false,Listed
MAZDA,Mazda Ltd,Unknown,Unknown,INE885E01042,Unknown,false,false,Listed
MAZDOCK,Mazagon Dock Shipbuilders Ltd,Capital Goods,Capital Goods,INE249Z01020,Large Cap,false,true,Listed
MBAPL,Madhya Bharat Agro Products Ltd,Unknown,Unknown,INE900L01028,Unknown,false,false,Listed
MBEL,M & B Engineering Ltd,Unknown,Unknown,INE08N601015,Unknown,false,false,Listed
MCCHRLS-B,Mac Charles India Ltd,Unknown,Unknown,INE435D01014,Unknown,false,false,Listed
MCL,M TEK COPPER Ltd,Unknown,Unknown,INE813V01022,Unknown,false,false,Listed
MCLOUD,Magellanic Cloud Ltd,Unknown,Unknown,INE613C01026,Unknown,false,false,Listed
MCX,Multi Commodity Exchange of India Ltd,Financial Services,Financial Services,INE745G01043,Mid Cap,false,false,Listed
MEDANTA,Global Health Ltd,Healthcare,Healthcare,INE474Q01031,Mid Cap,false,false,Listed
MEDIASSIST,Medi Assist Healthcare Services Ltd,Unknown,Unknown,INE456Z01021,Unknown,false,false,Listed
MEDICAMEQ,Medicamen Biotech Ltd,Unknown,Unknown,INE646B01010,Unknown,false,false,Listed
MEDICO,Medico Remedies Ltd,Unknown,Unknown,INE630Y01024,Unknown,false,false,Listed
MEDPLUS,Medplus Health Services Ltd,Consumer Services,Consumer Services,INE804L01022,Micro Cap,false,false,Listed
MEESHO,Meesho Ltd,Consumer Services,Consumer Services,INE0VDM01015,Small Cap,false,false,Listed
MEGASTAR,Megastar Foods Ltd,Unknown,Unknown,INE00EM01016,Unknown,false,false,Listed
MENNPIS,Menon Pistons Ltd,Unknown,Unknown,INE650G01029,Unknown,false,false,Listed
MERCANTILE,Mercantile Ventures Ltd,Unknown,Unknown,INE689O01013,Unknown,false,false,Listed
METROBRAND,Metro Brands Ltd,Unknown,Unknown,INE317I01021,Unknown,false,false,Listed
METROGLOBL,Metroglobal Ltd,Unknown,Unknown,INE085D01033,Unknown,false,false,Listed
METROPOLIS,Metropolis Healthcare Ltd,Healthcare,Healthcare,INE112L01020,Micro Cap,false,false,Listed
MFML,Mahalaxmi Fabric Mills Ltd,Unknown,Unknown,INE0US801024,Unknown,false,false,Listed
MFSL,Max Financial Services Ltd,Financial Services,Financial Services,INE180A01020,Mid Cap,false,false,Listed
MGL,Mahanagar Gas Ltd,Oil Gas & Consumable Fuels,Oil Gas & Consumable Fuels,INE002S01010,Small Cap,false,false,Listed
MHLXMIRU,Mahalaxmi Rubtech Ltd,Unknown,Unknown,INE112D01035,Unknown,false,false,Listed
MHRIL,Mahindra Holidays & Resorts India Ltd,Unknown,Unknown,INE998I01010,Unknown,false,false,Listed
MIDHANI,Mishra Dhatu Nigam Ltd,Capital Goods,Capital Goods,INE099Z01011,Micro Cap,false,false,Listed
MIDWESTLTD,Midwest Ltd,Unknown,Unknown,INE0XAD01024,Unknown,false,false,Listed
MINDACORP,Minda Corporation Ltd,Automobile and Auto Components,Automobile and Auto Components,INE842C01021,Small Cap,false,false,Listed
MINDTECK,Mindteck (India) Ltd,Unknown,Unknown,INE110B01017,Unknown,false,false,Listed
MIRZAINT,Mirza International Ltd,Unknown,Unknown,INE771A01026,Unknown,false,false,Listed
MITTAL,Mittal Life Style Ltd,Unknown,Unknown,INE997Y01027,Unknown,false,false,Listed
MKPL,M K Proteins Ltd,Unknown,Unknown,INE964W01021,Unknown,false,false,Listed
MMFL,MM Forgings Ltd,Unknown,Unknown,INE227C01017,Unknown,false,false,Listed
MMP,MMP Industries Ltd,Unknown,Unknown,INE511Y01018,Unknown,false,false,Listed
MMTC,MMTC Ltd,Services,Services,INE123F01029,Small Cap,false,false,Listed
MOBIKWIK,One Mobikwik Systems Ltd,Unknown,Unknown,INE0HLU01028,Unknown,false,false,Listed
MODIRUBBER,Modi Rubber Ltd,Unknown,Unknown,INE832A01018,Unknown,false,false,Listed
MODIS,Modis Navnirman Ltd,Unknown,Unknown,INE0L0L01012,Unknown,false,false,Listed
MODTHREAD,Modern Threads (India) Ltd,Unknown,Unknown,INE794W01014,Unknown,false,false,Listed
MOHITIND,Mohit Industries Ltd,Unknown,Unknown,INE954E01012,Unknown,false,false,Listed
MOIL,MOIL Ltd,Metals & Mining,Metals & Mining,INE490G01020,Micro Cap,false,false,Listed
MOKSH,Moksh Ornaments Ltd,Unknown,Unknown,INE514Y01020,Unknown,false,false,Listed
MOL,Meghmani Organics Ltd,Unknown,Unknown,INE0CT101020,Unknown,false,false,Listed
MOLDTECH,Mold-Tek Technologies Ltd,Unknown,Unknown,INE835B01035,Unknown,false,false,Listed
MOLDTKPAC,Mold-Tek Packaging Ltd,Unknown,Unknown,INE893J01029,Unknown,false,false,Listed
MONARCH,Monarch Networth Capital Ltd,Unknown,Unknown,INE903D01011,Unknown,false,false,Listed
MONEYBOXX,Moneyboxx Finance Ltd,Unknown,Unknown,INE296Q01012,Unknown,false,false,Listed
MONTECARLO,Monte Carlo Fashions Ltd,Unknown,Unknown,INE950M01013,Unknown,false,false,Listed
MOREPENLAB,Morepen Laboratories Ltd,Unknown,Unknown,INE083A01026,Unknown,false,false,Listed
MOSCHIP,Moschip Technologies Ltd,Unknown,Unknown,INE935B01025,Unknown,false,false,Listed
MOTHERSON,Samvardhana Motherson International Ltd,Automobile and Auto Components,Automobile and Auto Components,INE775A01035,Large Cap,false,true,Listed
MOTILALOFS,Motilal Oswal Financial Services Ltd,Financial Services,Financial Services,INE338I01027,Mid Cap,false,false,Listed
MOTISONS,Motisons Jewellers Ltd,Unknown,Unknown,INE0FRK01020,Unknown,false,false,Listed
MPHASIS,MphasiS Ltd,Information Technology,Information Technology,INE356A01018,Mid Cap,false,false,Listed
MPSLTD,MPS Ltd,Unknown,Unknown,INE943D01017,Unknown,false,false,Listed
MRF,MRF Ltd,Automobile and Auto Components,Automobile and Auto Components,INE883A01011,Mid Cap,false,false,Listed
MRPL,Mangalore Refinery and Petrochemicals Ltd,Oil Gas & Consumable Fuels,Oil Gas & Consumable Fuels,INE103A01014,Small Cap,false,false,Listed
MSPL,MSP Steel & Power Ltd,Unknown,Unknown,INE752G01015,Unknown,false,false,Listed
MSTCLTD,Mstc Ltd,Services,Services,INE255X01014,Micro Cap,false,false,Listed
MSUMI,Motherson Sumi Wiring India Ltd,Automobile and Auto Components,Automobile and Auto Components,INE0FS801015,Small Cap,false,false,Listed
MTARTECH,MTAR Technologies Ltd.,Capital Goods,Capital Goods,INE864I01014,Micro Cap,false,false,Listed
MTNL,Mahanagar Telephone Nigam Ltd,Unknown,Unknown,INE153A01019,Unknown,false,false,Listed
MUFIN,Mufin Green Finance Ltd,Unknown,Unknown,INE08KJ01020,Unknown,false,false,Listed
MUFTI,Credo Brands Marketing Ltd,Unknown,Unknown,INE220Q01020,Unknown,false,false,Listed
MUKANDLTD,Mukand Ltd,Unknown,Unknown,INE304A01026,Unknown,false,false,Listed
MUKKA,Mukka Proteins Ltd,Unknown,Unknown,INE0CG401037,Unknown,false,false,Listed
MUNJALAU,Munjal Auto Industries Ltd,Unknown,Unknown,INE672B01032,Unknown,false,false,Listed
MUNJALSHOW,Munjal Showa Ltd,Unknown,Unknown,INE577A01027,Unknown,false,false,Listed
MURUDCERA,Murudeshwar Ceramics Ltd,Unknown,Unknown,INE692B01014,Unknown,false,false,Listed
MUTHOOTCAP,Muthoot Capital Services Ltd,Unknown,Unknown,INE296G01013,Unknown,false,false,Listed
MUTHOOTFIN,Muthoot Finance Ltd,Financial Services,Financial Services,INE414G01012,Large Cap,false,true,Listed
MUTHOOTMF,Muthoot Microfin Ltd,Unknown,Unknown,INE046W01019,Unknown,false,false,Listed
MVGJL,Manoj Vaibhav Gems N Jewellers Ltd,Unknown,Unknown,INE0KNT01012,Unknown,false,false,Listed
MWL,Mangalam Worldwide Ltd,Unknown,Unknown,INE0JYY01011,Unknown,false,false,Listed
NACLIND,NACL Industries Ltd,Unknown,Unknown,INE295D01020,Unknown,false,false,Listed
NAGREEKEXP,Nagreeka Exports Ltd,Unknown,Unknown,INE123B01028,Unknown,false,false,Listed
NAHARCAP,Nahar Capital and Financial Services Ltd,Unknown,Unknown,INE049I01012,Unknown,false,false,Listed
NAHARINDUS,Nahar Industrial Enterprises Ltd,Unknown,Unknown,INE289A01011,Unknown,false,false,Listed
NAHARPOLY,Nahar Poly Films Ltd,Unknown,Unknown,INE308A01027,Unknown,false,false,Listed
NAM-INDIA,Nippon Life India Asset Management Ltd,Financial Services,Financial Services,INE298J01013,Mid Cap,false,false,Listed
NARMADA,Narmada Agrobase Ltd,Unknown,Unknown,INE117Z01011,Unknown,false,false,Listed
NATCAPSUQ,Natural Capsules Ltd,Unknown,Unknown,INE936B01015,Unknown,false,false,Listed
NATCOPHARM,Natco Pharma Ltd,Healthcare,Healthcare,INE987B01026,Small Cap,false,false,Listed
NATHBIOGEN,Nath Bio-Genes (India) Ltd,Unknown,Unknown,INE448G01010,Unknown,false,false,Listed
NATIONALUM,National Aluminium Company Ltd,Metals & Mining,Metals & Mining,INE139A01034,Mid Cap,false,false,Listed
NATIONSTD,National Standard (India) Ltd,Unknown,Unknown,INE166R01015,Unknown,false,false,Listed
NAUKRI,Info Edge (India) Ltd,Consumer Services,Consumer Services,INE663F01032,Mid Cap,false,false,Listed
NAVA,NAVA Ltd,Power,Power,INE725A01030,Small Cap,false,false,Listed
NAVINFLUOR,Navin Fluorine International Ltd,Chemicals,Chemicals,INE048G01026,Small Cap,false,false,Listed
NAVKARCORP,Navkar Corporation Ltd,Unknown,Unknown,INE278M01019,Unknown,false,false,Listed
NAVNETEDUL,Navneet Education Ltd,Unknown,Unknown,INE060A01024,Unknown,false,false,Listed
NAZARA,Nazara Technologies Ltd,Media Entertainment & Publication,Media Entertainment & Publication,INE418L01047,Micro Cap,false,false,Listed
NBCC,NBCC (India) Ltd,Construction,Construction,INE095N01031,Small Cap,false,false,Listed
NBIFIN,N. B. I. Industrial Finance Company Ltd,Unknown,Unknown,INE365I01020,Unknown,false,false,Listed
NCC,NCC Ltd,Construction,Construction,INE868B01028,Small Cap,false,false,Listed
NCLIND,NCL Industries Ltd,Unknown,Unknown,INE732C01016,Unknown,false,false,Listed
NDGL,Naga Dhunseri Group Ltd,Unknown,Unknown,INE756C01015,Unknown,false,false,Listed
NDL,Nandan Denim Ltd,Unknown,Unknown,INE875G01048,Unknown,false,false,Listed
NDLVENTURE,NDL Ventures Ltd,Unknown,Unknown,INE353A01023,Unknown,false,false,Listed
NDRAUTO,Ndr Auto Components Ltd,Unknown,Unknown,INE07OG01012,Unknown,false,false,Listed
NDTV,New Delhi Television Ltd,Unknown,Unknown,INE155G01029,Unknown,false,false,Listed
NEAGI,Neelamalai Agro Industries Ltd,Unknown,Unknown,INE605D01012,Unknown,false,false,Listed
NELCAST,Nelcast Ltd,Unknown,Unknown,INE189I01024,Unknown,false,false,Listed
NELCO,NELCO Ltd,Unknown,Unknown,INE045B01015,Unknown,false,false,Listed
NEOGEN,Neogen Chemicals Ltd,Chemicals,Chemicals,INE136S01016,Micro Cap,false,false,Listed
NEPHROPLUS,Nephrocare Health Services Ltd,Unknown,Unknown,INE428V01029,Unknown,false,false,Listed
NESCO,Nesco Ltd,Services,Services,INE317F01035,Micro Cap,false,false,Listed
NESTLEIND,Nestle India Ltd,Fast Moving Consumer Goods,Fast Moving Consumer Goods,INE239A01024,Large Cap,true,false,Listed
NETWEB,Netweb Technologies India Ltd,Information Technology,Information Technology,INE0NT901020,Small Cap,false,false,Listed
NETWORK18,Network18 Media & Investments Ltd,Media Entertainment & Publication,Media Entertainment & Publication,INE870H01013,Micro Cap,false,false,Listed
NEULANDLAB,Neuland Laboratories Ltd,Healthcare,Healthcare,INE794A01010,Small Cap,false,false,Listed
NEWGEN,Newgen Software Technologies Ltd,Information Technology,Information Technology,INE619B01017,Small Cap,false,false,Listed
NEXTMEDIA,Next Mediaworks Ltd,Unknown,Unknown,INE747B01016,Unknown,false,false,Listed
NFL,National Fertilizers Ltd,Chemicals,Chemicals,INE870D01012,Micro Cap,false,false,Listed
NGLFINE,NGL Fine-Chem Ltd,Unknown,Unknown,INE887E01022,Unknown,false,false,Listed
NH,Narayana Hrudayalaya Ltd.,Healthcare,Healthcare,INE410P01011,Small Cap,false,false,Listed
NHPC,NHPC Ltd,Power,Power,INE848E01016,Mid Cap,false,false,Listed
NIACL,The New India Assurance Company Ltd,Financial Services,Financial Services,INE470Y01017,Mid Cap,false,false,Listed
NIBE,NIBE Ltd,Unknown,Unknown,INE149O01018,Unknown,false,false,Listed
NIBL,NRB Industrial Bearings Ltd,Unknown,Unknown,INE047O01014,Unknown,false,false,Listed
NIITLTD,NIIT Ltd,Unknown,Unknown,INE161A01038,Unknown,false,false,Listed
NIITMTS,NIIT Learning Systems Ltd,Unknown,Unknown,INE342G01023,Unknown,false,false,Listed
NILAINFRA,Nila Infrastructures Ltd,Unknown,Unknown,INE937C01029,Unknown,false,false,Listed
NILASPACES,Nila Spaces Ltd,Unknown,Unknown,INE00S901012,Unknown,false,false,Listed
NILE,Nile Ltd,Unknown,Unknown,INE445D01013,Unknown,false,false,Listed
NILKAMAL,Nilkamal Ltd,Unknown,Unknown,INE310A01015,Unknown,false,false,Listed
NIPPOBATRY,Indo-National Ltd,Unknown,Unknown,INE567A01028,Unknown,false,false,Listed
NIRAJISPAT,Niraj Ispat Industries Ltd,Unknown,Unknown,INE326T01011,Unknown,false,false,Listed
NIRLON,Nirlon Ltd,Unknown,Unknown,INE910A01012,Unknown,false,false,Listed
NITCO,Nitco Ltd,Unknown,Unknown,INE858F01012,Unknown,false,false,Listed
NITINSPIN,Nitin Spinners Ltd,Unknown,Unknown,INE229H01012,Unknown,false,false,Listed
NITIRAJ,Nitiraj Engineers Ltd,Unknown,Unknown,INE439T01012,Unknown,false,false,Listed
NITTAGELA,Nitta Gelatin India Ltd,Unknown,Unknown,INE265B01019,Unknown,false,false,Listed
NIVABUPA,Niva Bupa Health Insurance Company Ltd,Financial Services,Financial Services,INE995S01015,Small Cap,false,false,Listed
NKIND,NK Industries Ltd,Unknown,Unknown,INE542C01019,Unknown,false,false,Listed
NLCINDIA,NLC India Ltd,Power,Power,INE589A01014,Mid Cap,false,false,Listed
NMDC,NMDC Ltd,Metals & Mining,Metals & Mining,INE584A01023,Mid Cap,false,false,Listed
NOCIL,NOCIL Ltd,Unknown,Unknown,INE163A01018,Unknown,false,false,Listed
NORBTEAEXP,Norben Tea & Exports Ltd,Unknown,Unknown,INE369C01017,Unknown,false,false,Listed
NORTHARC,Northern Arc Capital Ltd,Unknown,Unknown,INE850M01015,Unknown,false,false,Listed
NOVARTIND,Novartis India Ltd,Unknown,Unknown,INE234A01025,Unknown,false,false,Listed
NPST,Network People Services Technologies Ltd,Unknown,Unknown,INE0FFK01017,Unknown,false,false,Listed
NRAIL,N R Agarwal Industries Ltd,Unknown,Unknown,INE740D01017,Unknown,false,false,Listed
NRBBEARING,NRB Bearing Ltd,Unknown,Unknown,INE349A01021,Unknown,false,false,Listed
NSIL,Nalwa Sons Investments Ltd,Unknown,Unknown,INE023A01030,Unknown,false,false,Listed
NSLNISP,NMDC Steel Ltd,Metals & Mining,Metals & Mining,INE0NNS01018,Small Cap,false,false,Listed
NTPC,NTPC Ltd,Power,Power,INE733E01010,Large Cap,true,false,Listed
NTPCGREEN,NTPC Green Energy Ltd,Power,Power,INE0ONG01011,Mid Cap,false,false,Listed
NUCLEUS,Nucleus Software Exports Ltd,Unknown,Unknown,INE096B01018,Unknown,false,false,Listed
NURECA,Nureca Ltd,Unknown,Unknown,INE0DSF01015,Unknown,false,false,Listed
NUVAMA,Nuvama Wealth Management Ltd,Financial Services,Financial Services,INE531F01023,Small Cap,false,false,Listed
NUVOCO,Nuvoco Vistas Corporation Ltd,Construction Materials,Construction Materials,INE118D01016,Small Cap,false,false,Listed
NYKAA,FSN E-Commerce Ventures Ltd,Consumer Services,Consumer Services,INE388Y01029,Mid Cap,false,false,Listed
OAL,Oriental Aromatics Ltd,Unknown,Unknown,INE959C01023,Unknown,false,false,Listed
OBCL,Orissa Bengal Carrier Ltd,Unknown,Unknown,INE426Z01016,Unknown,false,false,Listed
OBEROIRLTY,Oberoi Realty Ltd,Realty,Realty,INE093I01010,Mid Cap,false,false,Listed
OFSS,Oracle Financial Services Software Ltd,Information Technology,Information Technology,INE881D01027,Mid Cap,false,false,Listed
OIL,Oil India Ltd,Oil Gas & Consumable Fuels,Oil Gas & Consumable Fuels,INE274J01014,Mid Cap,false,false,Listed
OLAELEC,Ola Electric Mobility Ltd,Automobile and Auto Components,Automobile and Auto Components,INE0LXG01040,Small Cap,false,false,Listed
OLECTRA,Olectra Greentech Ltd,Automobile and Auto Components,Automobile and Auto Components,INE260D01016,Small Cap,false,false,Listed
OMAXE,Omaxe Ltd,Unknown,Unknown,INE800H01010,Unknown,false,false,Listed
OMINFRAL,OM INFRA Ltd,Unknown,Unknown,INE239D01028,Unknown,false,false,Listed
OMNI,Omnitech Engineering Ltd,Unknown,Unknown,INE0UH301010,Unknown,false,false,Listed
OMPOWER,Om Power Transmission Ltd,Unknown,Unknown,INE25E901019,Unknown,false,false,Listed
ONEPOINT,One Point One Solutions Ltd,Unknown,Unknown,INE840Y01029,Unknown,false,false,Listed
ONESOURCE,Onesource Specialty Pharma Ltd,Healthcare,Healthcare,INE013P01021,Small Cap,false,false,Listed
ONGC,Oil & Natural Gas Corporation Ltd,Oil Gas & Consumable Fuels,Oil Gas & Consumable Fuels,INE213A01029,Large Cap,true,false,Listed
ONWARDTEC,Onward Technologies Ltd,Unknown,Unknown,INE229A01017,Unknown,false,false,Listed
OPTIEMUS,Optiemus Infracom Ltd,Telecommunication,Telecommunication,INE350C01017,Micro Cap,false,false,Listed
ORCHASP,Orchasp Ltd,Unknown,Unknown,INE215B01022,Unknown,false,false,Listed
ORCHPHARMA,Orchid Pharma Ltd,Unknown,Unknown,INE191A01027,Unknown,false,false,Listed
ORICONENT,Oricon Enterprises Ltd,Unknown,Unknown,INE730A01022,Unknown,false,false,Listed
ORIENTALTL,Oriental Trimex Ltd,Unknown,Unknown,INE998H01012,Unknown,false,false,Listed
ORIENTBELL,Orient Bell Ltd,Unknown,Unknown,INE607D01018,Unknown,false,false,Listed
ORIENTCEM,Orient Cement Ltd,Construction Materials,Construction Materials,INE876N01018,Micro Cap,false,false,Listed
ORIENTCER,ORIENT CERATECH Ltd,Unknown,Unknown,INE569C01020,Unknown,false,false,Listed
ORIENTELEC,Orient Electric Ltd,Unknown,Unknown,INE142Z01019,Unknown,false,false,Listed
ORIENTHOT,Oriental Hotels Ltd,Unknown,Unknown,INE750A01020,Unknown,false,false,Listed
ORIENTLTD,Orient Press Ltd,Unknown,Unknown,INE609C01024,Unknown,false,false,Listed
ORIENTPPR,Orient Paper & Industries Ltd,Unknown,Unknown,INE592A01026,Unknown,false,false,Listed
ORIENTTECH,Orient Technologies Ltd,Unknown,Unknown,INE0PPK01015,Unknown,false,false,Listed
ORISSAMINE,The Orissa Minerals Development Company Ltd,Unknown,Unknown,INE725E01024,Unknown,false,false,Listed
ORKLAINDIA,Orkla India Ltd,Fast Moving Consumer Goods,Fast Moving Consumer Goods,INE16NZ01023,Micro Cap,false,false,Listed
OSWALGREEN,Oswal Greentech Ltd,Unknown,Unknown,INE143A01010,Unknown,false,false,Listed
OSWALPUMPS,Oswal Pumps Ltd,Capital Goods,Capital Goods,INE0BYP01024,Micro Cap,false,false,Listed
OSWALSEEDS,ShreeOswal Seeds And Chemicals Ltd,Unknown,Unknown,INE00IK01029,Unknown,false,false,Listed
PACEDIGITK,Pace Digitek Ltd,Unknown,Unknown,INE0S3G01027,Unknown,false,false,Listed
PAGEIND,Page Industries Ltd,Textiles,Textiles,INE761H01022,Mid Cap,false,false,Listed
PAISALO,Paisalo Digital Ltd,Unknown,Unknown,INE420C01059,Unknown,false,false,Listed
PAKKA,PAKKA Ltd,Unknown,Unknown,INE551D01018,Unknown,false,false,Listed
PALASHSECU,Palash Securities Ltd,Unknown,Unknown,INE471W01019,Unknown,false,false,Listed
PANACEABIO,Panacea Biotec Ltd,Unknown,Unknown,INE922B01023,Unknown,false,false,Listed
PANACHE,Panache Digilife Ltd,Unknown,Unknown,INE895W01019,Unknown,false,false,Listed
PANAMAPET,Panama Petrochem Ltd,Unknown,Unknown,INE305C01029,Unknown,false,false,Listed
PANSARI,Pansari Developers Ltd,Unknown,Unknown,INE697V01011,Unknown,false,false,Listed
PAR,Par Drugs And Chemicals Ltd,Unknown,Unknown,INE04LG01015,Unknown,false,false,Listed
PARACABLES,Paramount Communications Ltd,Unknown,Unknown,INE074B01023,Unknown,false,false,Listed
PARADEEP,Paradeep Phosphates Ltd,Chemicals,Chemicals,INE088F01024,Small Cap,false,false,Listed
PARAGMILK,Parag Milk Foods Ltd,Unknown,Unknown,INE883N01014,Unknown,false,false,Listed
PARAS,Paras Defence and Space Technologies Ltd,Capital Goods,Capital Goods,INE045601023,Micro Cap,false,false,Listed
PARASPETRO,Paras Petrofils Ltd,Unknown,Unknown,INE162C01024,Unknown,false,false,Listed
PARKHOSPS,Park Medi World Ltd,Healthcare,Healthcare,INE119201023,Micro Cap,false,false,Listed
PARKHOTELS,Apeejay Surrendra Park Hotels Ltd,Unknown,Unknown,INE988S01028,Unknown,false,false,Listed
PASHUPATI,Pashupati Cotspin Ltd,Unknown,Unknown,INE124Y01028,Unknown,false,false,Listed
PATANJALI,Patanjali Foods Ltd,Fast Moving Consumer Goods,Fast Moving Consumer Goods,INE619A01035,Mid Cap,false,false,Listed
PATELENG,Patel Engineering Ltd,Unknown,Unknown,INE244B01030,Unknown,false,false,Listed
PATELRMART,Patel Retail Ltd,Unknown,Unknown,INE0R8B01010,Unknown,false,false,Listed
PAUSHAKLTD,Paushak Ltd,Unknown,Unknown,INE111F01024,Unknown,false,false,Listed
PAYTM,One 97 Communications Ltd,Financial Services,Financial Services,INE982J01020,Mid Cap,false,false,Listed
PCBL,PCBL Chemical Ltd,Chemicals,Chemicals,INE602A01031,Small Cap,false,false,Listed
PCJEWELLER,PC Jeweller Ltd,Consumer Durables,Consumer Durables,INE785M01021,Micro Cap,false,false,Listed
PDMJEPAPER,Pudumjee Paper Products Ltd,Unknown,Unknown,INE865T01018,Unknown,false,false,Listed
PDSL,PDS Ltd,Unknown,Unknown,INE111Q01021,Unknown,false,false,Listed
PENIND,Pennar Industries Ltd,Unknown,Unknown,INE932A01024,Unknown,false,false,Listed
PERSISTENT,Persistent Systems Ltd,Information Technology,Information Technology,INE262H01021,Mid Cap,false,false,Listed
PETRONET,Petronet LNG Ltd,Oil Gas & Consumable Fuels,Oil Gas & Consumable Fuels,INE347G01014,Mid Cap,false,false,Listed
PFC,Power Finance Corporation Ltd,Financial Services,Financial Services,INE134E01011,Large Cap,false,true,Listed
PFIZER,Pfizer Ltd,Healthcare,Healthcare,INE182A01018,Small Cap,false,false,Listed
PFOCUS,Prime Focus Ltd.,Media Entertainment & Publication,Media Entertainment & Publication,INE367G01038,Micro Cap,false,false,Listed
PFS,PTC India Financial Services Ltd,Unknown,Unknown,INE560K01014,Unknown,false,false,Listed
PGEL,PG Electroplast Ltd,Consumer Durables,Consumer Durables,INE457L01029,Small Cap,false,false,Listed
PGHH,Procter & Gamble Hygiene and Health Care Ltd,Unknown,Unknown,INE179A01014,Unknown,false,false,Listed
PGHL,Procter & Gamble Health Ltd,Unknown,Unknown,INE199A01012,Unknown,false,false,Listed
PGIL,Pearl Global Industries Ltd,Textiles,Textiles,INE940H01022,Micro Cap,false,false,Listed
PHOENIXLTD,The Phoenix Mills Ltd,Realty,Realty,INE211B01039,Mid Cap,false,false,Listed
PICCADIL,Piccadily Agro Industries Ltd,Fast Moving Consumer Goods,Fast Moving Consumer Goods,INE546C01010,Micro Cap,false,false,Listed
PIDILITIND,Pidilite Industries Ltd,Chemicals,Chemicals,INE318A01026,Large Cap,false,true,Listed
PIGL,Power & Instrumentation (Gujarat) Ltd,Unknown,Unknown,INE557Z01018,Unknown,false,false,Listed
PIIND,PI Industries Ltd,Chemicals,Chemicals,INE603J01030,Mid Cap,false,false,Listed
PILANIINVS,Pilani Investment and Industries Corporation Ltd,Unknown,Unknown,INE417C01014,Unknown,false,false,Listed
PINELABS,Pine Labs Ltd,Financial Services,Financial Services,INE15B701018,Small Cap,false,false,Listed
PIONEEREMB,Pioneer Embroideries Ltd,Unknown,Unknown,INE156C01018,Unknown,false,false,Listed
PIONRINV,Pioneer Investcorp Ltd,Unknown,Unknown,INE746D01014,Unknown,false,false,Listed
PIRAMALFIN,Piramal Finance Ltd,Financial Services,Financial Services,INE202B01038,Small Cap,false,false,Listed
PITTIENG,Pitti Engineering Ltd,Unknown,Unknown,INE450D01021,Unknown,false,false,Listed
PIXTRANS,Pix Transmissions Ltd,Unknown,Unknown,INE751B01018,Unknown,false,false,Listed
PKTEA,The Peria Karamalai Tea & Produce Company Ltd,Unknown,Unknown,INE431F01018,Unknown,false,false,Listed
PLASTIBLEN,Plastiblends India Ltd,Unknown,Unknown,INE083C01022,Unknown,false,false,Listed
PLATIND,Platinum Industries Ltd,Unknown,Unknown,INE0PT501018,Unknown,false,false,Listed
PML,Paul Merchants Ltd,Unknown,Unknown,INE291E01019,Unknown,false,false,Listed
PNB,Punjab National Bank,Financial Services,Financial Services,INE160A01022,Large Cap,false,true,Listed
PNBGILTS,PNB Gilts Ltd,Unknown,Unknown,INE859A01011,Unknown,false,false,Listed
PNBHOUSING,PNB Housing Finance Ltd,Financial Services,Financial Services,INE572E01012,Small Cap,false,false,Listed
PNC,Pritish Nandy Communications Ltd,Unknown,Unknown,INE392B01011,Unknown,false,false,Listed
PNCINFRA,PNC Infratech Ltd,Construction,Construction,INE195J01029,Micro Cap,false,false,Listed
PNGJL,P N Gadgil Jewellers Ltd,Consumer Durables,Consumer Durables,INE953R01016,Micro Cap,false,false,Listed
PNGSREVA,PNGS Reva Diamond Jewellery Ltd,Unknown,Unknown,INE1RDG01013,Unknown,false,false,Listed
POCL,Pondy Oxides & Chemicals Ltd,Unknown,Unknown,INE063E01053,Unknown,false,false,Listed
PODDARMENT,Poddar Pigments Ltd,Unknown,Unknown,INE371C01013,Unknown,false,false,Listed
POKARNA,Pokarna Ltd,Unknown,Unknown,INE637C01025,Unknown,false,false,Listed
POLICYBZR,PB Fintech Ltd,Financial Services,Financial Services,INE417T01026,Mid Cap,false,false,Listed
POLYCAB,Polycab India Ltd,Capital Goods,Capital Goods,INE455K01017,Mid Cap,false,false,Listed
POLYMED,Poly Medicure Ltd,Healthcare,Healthcare,INE205C01021,Small Cap,false,false,Listed
POLYPLEX,Polyplex Corporation Ltd,Unknown,Unknown,INE633B01018,Unknown,false,false,Listed
PONNIERODE,Ponni Sugars (Erode) Ltd,Unknown,Unknown,INE838E01017,Unknown,false,false,Listed
POONAWALLA,Poonawalla Fincorp Ltd,Financial Services,Financial Services,INE511C01022,Small Cap,false,false,Listed
POWERGRID,Power Grid Corporation of India Ltd,Power,Power,INE752E01010,Large Cap,true,false,Listed
POWERICA,Powerica Ltd,Unknown,Unknown,INE921L01032,Unknown,false,false,Listed
POWERINDIA,Hitachi Energy India Ltd,Capital Goods,Capital Goods,INE07Y701011,Mid Cap,false,false,Listed
POWERMECH,Power Mech Projects Ltd,Construction,Construction,INE211R01019,Micro Cap,false,false,Listed
PPAP,PPAP Automotive Ltd,Unknown,Unknown,INE095I01015,Unknown,false,false,Listed
PPLPHARMA,Piramal Pharma Ltd,Healthcare,Healthcare,INE0DK501011,Small Cap,false,false,Listed
PRABHA,Prabha Energy Ltd,Unknown,Unknown,INE0I0M01023,Unknown,false,false,Listed
PRAENG,Prajay Engineers Syndicate Ltd,Unknown,Unknown,INE505C01016,Unknown,false,false,Listed
PRAJIND,Praj Industries Ltd,Capital Goods,Capital Goods,INE074A01025,Micro Cap,false,false,Listed
PRAKASH,Prakash Industries Ltd,Unknown,Unknown,INE603A01013,Unknown,false,false,Listed
PRAKASHSTL,Prakash Steelage Ltd,Unknown,Unknown,INE696K01024,Unknown,false,false,Listed
PRAVEG,Praveg Ltd,Unknown,Unknown,INE722B01019,Unknown,false,false,Listed
PRECAM,Precision Camshafts Ltd,Unknown,Unknown,INE484I01029,Unknown,false,false,Listed
PRECOT,Precot Ltd,Unknown,Unknown,INE283A01014,Unknown,false,false,Listed
PRECWIRE,Precision Wires India Ltd,Unknown,Unknown,INE372C01037,Unknown,false,false,Listed
PREMCO,Premco Global Ltd,Unknown,Unknown,INE001E01012,Unknown,false,false,Listed
PREMEXPLN,Premier Explosives Ltd,Unknown,Unknown,INE863B01029,Unknown,false,false,Listed
PREMIERENE,Premier Energies Ltd,Capital Goods,Capital Goods,INE0BS701011,Mid Cap,false,false,Listed
PREMIERPOL,Premier Polyfilm Ltd,Unknown,Unknown,INE309M01020,Unknown,false,false,Listed
PRESTIGE,Prestige Estates Projects Ltd,Realty,Realty,INE811K01011,Mid Cap,false,false,Listed
PRICOLLTD,Pricol Ltd,Automobile and Auto Components,Automobile and Auto Components,INE726V01018,Micro Cap,false,false,Listed
PRIMESECU,Prime Securities Ltd,Unknown,Unknown,INE032B01021,Unknown,false,false,Listed
PRIMO,Primo Chemicals Ltd,Unknown,Unknown,INE607A01022,Unknown,false,false,Listed
PRINCEPIPE,Prince Pipes And Fittings Ltd,Unknown,Unknown,INE689W01016,Unknown,false,false,Listed
PRIVISCL,Privi Speciality Chemicals Ltd,Chemicals,Chemicals,INE959A01019,Micro Cap,false,false,Listed
PROSTARM,Prostarm Info Systems Ltd,Unknown,Unknown,INE0BX301013,Unknown,false,false,Listed
PROTEAN,Protean eGov Technologies Ltd,Unknown,Unknown,INE004A01022,Unknown,false,false,Listed
PROZONER,Prozone Realty Ltd,Unknown,Unknown,INE195N01013,Unknown,false,false,Listed
PRSMJOHNSN,Prism Johnson Ltd,Construction Materials,Construction Materials,INE010A01011,Micro Cap,false,false,Listed
PRUDENT,Prudent Corporate Advisory Services Ltd,Financial Services,Financial Services,INE00F201020,Micro Cap,false,false,Listed
PSB,Punjab & Sind Bank,Unknown,Unknown,INE608A01012,Unknown,false,false,Listed
PSPPROJECT,PSP Projects Ltd,Unknown,Unknown,INE488V01015,Unknown,false,false,Listed
PTC,PTC India Ltd,Power,Power,INE877F01012,Micro Cap,false,false,Listed
PTCIL,PTC Industries Ltd,Capital Goods,Capital Goods,INE596F01018,Small Cap,false,false,Listed
PTL,PTL Enterprises Ltd,Unknown,Unknown,INE034D01049,Unknown,false,false,Listed
PUNJABCHEM,Punjab Chemicals & Crop Protection Ltd,Unknown,Unknown,INE277B01014,Unknown,false,false,Listed
PURVA,Puravankara Ltd,Realty,Realty,INE323I01011,Micro Cap,false,false,Listed
PVP,PVP Ventures Ltd,Unknown,Unknown,INE362A01016,Unknown,false,false,Listed
PVRINOX,PVR INOX Ltd,Media Entertainment & Publication,Media Entertainment & Publication,INE191H01014,Small Cap,false,false,Listed
PVSL,Popular Vehicles and Services Ltd,Unknown,Unknown,INE772T01024,Unknown,false,false,Listed
PWL,Physicswallah Ltd,Consumer Services,Consumer Services,INE0LP301011,Small Cap,false,false,Listed
PYRAMID,Pyramid Technoplast Ltd,Unknown,Unknown,INE0MIS01010,Unknown,false,false,Listed
QMSMEDI,QMS Medical Allied Services Ltd,Unknown,Unknown,INE0FMW01018,Unknown,false,false,Listed
QPOWER,Quality Power Electrical Equipments Ltd.,Capital Goods,Capital Goods,INE0SII01026,Micro Cap,false,false,Listed
QUADFUTURE,Quadrant Future Tek Ltd,Unknown,Unknown,INE0LRY01011,Unknown,false,false,Listed
QUESS,Quess Corp Ltd,Services,Services,INE615P01015,Micro Cap,false,false,Listed
QUINT,Quint Digital Ltd,Unknown,Unknown,INE641R01017,Unknown,false,false,Listed
RACLGEAR,RACL Geartech Ltd,Unknown,Unknown,INE704B01017,Unknown,false,false,Listed
RADAAN,Radaan Mediaworks India Ltd,Unknown,Unknown,INE874F01027,Unknown,false,false,Listed
RADHIKAJWE,Radhika Jeweltech Ltd,Unknown,Unknown,INE583V01021,Unknown,false,false,Listed
RADIANTCMS,Radiant Cash Management Services Ltd,Unknown,Unknown,INE855R01021,Unknown,false,false,Listed
RADICO,Radico Khaitan Ltd,Fast Moving Consumer Goods,Fast Moving Consumer Goods,INE944F01028,Mid Cap,false,false,Listed
RADIOCITY,Music Broadcast Ltd,Unknown,Unknown,INE919I01024,Unknown,false,false,Listed
RAILTEL,Railtel Corporation Of India Ltd,Telecommunication,Telecommunication,INE0DD101019,Small Cap,false,false,Listed
RAIN,Rain Industries Ltd,Chemicals,Chemicals,INE855B01025,Micro Cap,false,false,Listed
RAINBOW,Rainbow Childrens Medicare Ltd,Healthcare,Healthcare,INE961O01016,Small Cap,false,false,Listed
RAJMET,Rajnandini Metal Ltd,Unknown,Unknown,INE00KV01022,Unknown,false,false,Listed
RAJPALAYAM,Rajapalayam Mills Ltd,Unknown,Unknown,INE296E01026,Unknown,false,false,Listed
RAJRATAN,Rajratan Global Wire Ltd,Unknown,Unknown,INE451D01029,Unknown,false,false,Listed
RAJSREESUG,Rajshree Sugars & Chemicals Ltd,Unknown,Unknown,INE562B01019,Unknown,false,false,Listed
RAJTV,Raj Television Network Ltd,Unknown,Unknown,INE952H01027,Unknown,false,false,Listed
RALLIS,Rallis India Ltd,Chemicals,Chemicals,INE613A01020,Micro Cap,false,false,Listed
RAMANEWS,Shree Rama Newsprint Ltd,Unknown,Unknown,INE278B01020,Unknown,false,false,Listed
RAMAPHO,Rama Phosphates Ltd,Unknown,Unknown,INE809A01032,Unknown,false,false,Listed
RAMCOCEM,The Ramco Cements Ltd,Construction Materials,Construction Materials,INE331A01037,Small Cap,false,false,Listed
RAMCOIND,Ramco Industries Ltd,Unknown,Unknown,INE614A01028,Unknown,false,false,Listed
RAMCOSYS,Ramco Systems Ltd,Unknown,Unknown,INE246B01019,Unknown,false,false,Listed
RAMKY,Ramky Infrastructure Ltd,Unknown,Unknown,INE874I01013,Unknown,false,false,Listed
RAMRAT,Ram Ratna Wires Ltd,Unknown,Unknown,INE207E01023,Unknown,false,false,Listed
RANASUG,Rana Sugars Ltd,Unknown,Unknown,INE625B01014,Unknown,false,false,Listed
RANEHOLDIN,Rane Holdings Ltd,Unknown,Unknown,INE384A01010,Unknown,false,false,Listed
RATEGAIN,Rategain Travel Technologies Ltd,Information Technology,Information Technology,INE0CLI01024,Micro Cap,false,false,Listed
RATNAMANI,Ratnamani Metals & Tubes Ltd,Capital Goods,Capital Goods,INE703B01027,Micro Cap,false,false,Listed
RATNAVEER,Ratnaveer Precision Engineering Ltd,Unknown,Unknown,INE05CZ01011,Unknown,false,false,Listed
RAYMOND,Raymond Ltd,Unknown,Unknown,INE301A01014,Unknown,false,false,Listed
RAYMONDLSL,Raymond Lifestyle Ltd,Textiles,Textiles,INE02ID01020,Micro Cap,false,false,Listed
RAYMONDREL,Raymond Realty Ltd,Unknown,Unknown,INE1SY401010,Unknown,false,false,Listed
RBA,Restaurant Brands Asia Ltd,Consumer Services,Consumer Services,INE07T201019,Micro Cap,false,false,Listed
RBLBANK,RBL Bank Ltd,Financial Services,Financial Services,INE976G01028,Small Cap,false,false,Listed
RBZJEWEL,RBZ Jewellers Ltd,Unknown,Unknown,INE0PEQ01016,Unknown,false,false,Listed
RCF,Rashtriya Chemicals and Fertilizers Ltd,Chemicals,Chemicals,INE027A01015,Micro Cap,false,false,Listed
RECLTD,REC Ltd,Financial Services,Financial Services,INE020B01018,Large Cap,false,true,Listed
REDINGTON,Redington Ltd,Services,Services,INE891D01026,Small Cap,false,false,Listed
REDTAPE,Redtape Ltd,Consumer Durables,Consumer Durables,INE0LXT01019,Micro Cap,false,false,Listed
REFEX,Refex Industries Ltd,Utilities,Utilities,INE056I01025,Micro Cap,false,false,Listed
REGENCERAM,Regency Ceramics Ltd,Unknown,Unknown,INE277C01012,Unknown,false,false,Listed
RELAXO,Relaxo Footwears Ltd,Consumer Durables,Consumer Durables,INE131B01039,Micro Cap,false,false,Listed
RELCHEMQ,Reliance Chemotex Industries Ltd,Unknown,Unknown,INE750D01016,Unknown,false,false,Listed
RELIABLE,Reliable Data Services Ltd,Unknown,Unknown,INE375Y01018,Unknown,false,false,Listed
RELIANCE,Reliance Industries Ltd,Oil Gas & Consumable Fuels,Oil Gas & Consumable Fuels,INE002A01018,Large Cap,true,false,Listed
RELIGARE,Religare Enterprises Ltd,Financial Services,Financial Services,INE621H01010,Micro Cap,false,false,Listed
RELTD,Ravindra Energy Ltd,Unknown,Unknown,INE206N01018,Unknown,false,false,Listed
REMSONSIND,Remsons Industries Ltd,Unknown,Unknown,INE474C01023,Unknown,false,false,Listed
RENUKA,Shree Renuka Sugars Ltd,Fast Moving Consumer Goods,Fast Moving Consumer Goods,INE087H01022,Micro Cap,false,false,Listed
REPCOHOME,Repco Home Finance Ltd,Unknown,Unknown,INE612J01015,Unknown,false,false,Listed
REPRO,Repro India Ltd,Unknown,Unknown,INE461B01014,Unknown,false,false,Listed
RESPONIND,Responsive Industries Ltd,Unknown,Unknown,INE688D01026,Unknown,false,false,Listed
RETAIL,JHS Svendgaard Retail Ventures Ltd,Unknown,Unknown,INE03DD01011,Unknown,false,false,Listed
RGL,Renaissance Global Ltd,Unknown,Unknown,INE722H01024,Unknown,false,false,Listed
RHETAN,Rhetan TMT Ltd,Unknown,Unknown,INE0KKN01029,Unknown,false,false,Listed
RHIM,RHI MAGNESITA INDIA Ltd,Capital Goods,Capital Goods,INE743M01012,Small Cap,false,false,Listed
RHL,Robust Hotels Ltd,Unknown,Unknown,INE508K01013,Unknown,false,false,Listed
RICOAUTO,Rico Auto Industries Ltd,Unknown,Unknown,INE209B01025,Unknown,false,false,Listed
RIIL,Reliance Industrial Infrastructure Ltd,Unknown,Unknown,INE046A01015,Unknown,false,false,Listed
RISHABH,Rishabh Instruments Ltd,Unknown,Unknown,INE0N2P01017,Unknown,false,false,Listed
RITCO,Ritco Logistics Ltd,Unknown,Unknown,INE01EG01016,Unknown,false,false,Listed
RITES,RITES Ltd,Construction,Construction,INE320J01015,Small Cap,false,false,Listed
RKDL,Ravi Kumar Distilleries Ltd,Unknown,Unknown,INE722J01012,Unknown,false,false,Listed
RKEC,RKEC Projects Ltd,Unknown,Unknown,INE786W01010,Unknown,false,false,Listed
RKFORGE,Ramkrishna Forgings Ltd,Automobile and Auto Components,Automobile and Auto Components,INE399G01023,Small Cap,false,false,Listed
RKSWAMY,R K Swamy Ltd,Unknown,Unknown,INE0NQ801033,Unknown,false,false,Listed
RMC,RMC Switchgears Ltd,Unknown,Unknown,INE655V01019,Unknown,false,false,Listed
RMDRIP,R M Drip and Sprinklers Systems Ltd,Unknown,Unknown,INE219Y01026,Unknown,false,false,Listed
RML,Rane (Madras) Ltd,Unknown,Unknown,INE050H01012,Unknown,false,false,Listed
RNBDENIMS,R&B Denims Ltd,Unknown,Unknown,INE012Q01039,Unknown,false,false,Listed
ROHLTD,Royal Orchid Hotels Ltd,Unknown,Unknown,INE283H01019,Unknown,false,false,Listed
ROLEXRINGS,Rolex Rings Ltd,Unknown,Unknown,INE645S01024,Unknown,false,false,Listed
ROML,Raj Oil Mills Ltd,Unknown,Unknown,INE294G01026,Unknown,false,false,Listed
ROSSARI,Rossari Biotech Ltd,Unknown,Unknown,INE02A801020,Unknown,false,false,Listed
ROSSELLIND,Rossell India Ltd,Unknown,Unknown,INE847C01020,Unknown,false,false,Listed
ROSSTECH,Rossell Techsys Ltd,Unknown,Unknown,INE0OJW01016,Unknown,false,false,Listed
ROTO,Roto Pumps Ltd,Unknown,Unknown,INE535D01037,Unknown,false,false,Listed
ROUTE,ROUTE MOBILE Ltd,Telecommunication,Telecommunication,INE450U01017,Micro Cap,false,false,Listed
RPEL,Raghav Productivity Enhancers Ltd,Unknown,Unknown,INE912T01018,Unknown,false,false,Listed
RPGLIFE,RPG Life Sciences Ltd,Unknown,Unknown,INE105J01010,Unknown,false,false,Listed
RPOWER,Reliance Power Ltd,Power,Power,INE614G01033,Small Cap,false,false,Listed
RPPINFRA,R.P.P. Infra Projects Ltd,Unknown,Unknown,INE324L01013,Unknown,false,false,Listed
RPPL,Rajshree Polypack Ltd,Unknown,Unknown,INE760W01023,Unknown,false,false,Listed
RPSGVENT,RPSG VENTURES Ltd,Unknown,Unknown,INE425Y01011,Unknown,false,false,Listed
RPTECH,Rashi Peripherals Ltd,Unknown,Unknown,INE0J1F01024,Unknown,false,false,Listed
RRIL,RRIL Ltd,Unknown,Unknown,INE951M01037,Unknown,false,false,Listed
RRKABEL,R R Kabel Ltd,Capital Goods,Capital Goods,INE777K01022,Small Cap,false,false,Listed
RSDFIN,RSD Finance Ltd,Unknown,Unknown,INE616F01022,Unknown,false,false,Listed
RSL,Rajputana Stainless Ltd,Unknown,Unknown,INE313L01016,Unknown,false,false,Listed
RSYSTEMS,R Systems International Ltd,Unknown,Unknown,INE411H01032,Unknown,false,false,Listed
RTNINDIA,RattanIndia Enterprises Ltd,Consumer Services,Consumer Services,INE834M01019,Micro Cap,false,false,Listed
RTNPOWER,RattanIndia Power Ltd,Power,Power,INE399K01017,Micro Cap,false,false,Listed
RUBFILA,Rubfila International Ltd,Unknown,Unknown,INE642C01025,Unknown,false,false,Listed
RUBICON,Rubicon Research Ltd,Healthcare,Healthcare,INE506V01022,Micro Cap,false,false,Listed
RUCHINFRA,Ruchi Infrastructure Ltd,Unknown,Unknown,INE413B01023,Unknown,false,false,Listed
RUCHIRA,Ruchira Papers Ltd,Unknown,Unknown,INE803H01014,Unknown,false,false,Listed
RUPA,Rupa & Company Ltd,Unknown,Unknown,INE895B01021,Unknown,false,false,Listed
RUSHIL,Rushil Decor Ltd,Unknown,Unknown,INE573K01025,Unknown,false,false,Listed
RUSTOMJEE,Keystone Realtors Ltd,Unknown,Unknown,INE263M01029,Unknown,false,false,Listed
RVHL,Ravinder Heights Ltd,Unknown,Unknown,INE09E501017,Unknown,false,false,Listed
RVNL,Rail Vikas Nigam Ltd,Construction,Construction,INE415G01027,Mid Cap,false,false,Listed
RVTH,Revathi Equipment India Ltd,Unknown,Unknown,INE0DAB01012,Unknown,false,false,Listed
S&SPOWER,S&S Power Switchgears Ltd,Unknown,Unknown,INE902B01017,Unknown,false,false,Listed
SAATVIKGL,Saatvik Green Energy Ltd,Capital Goods,Capital Goods,INE13B501022,Micro Cap,false,false,Listed
SADBHAV,Sadbhav Engineering Ltd,Unknown,Unknown,INE226H01026,Unknown,false,false,Listed
SAFARI,Safari Industries (India) Ltd,Consumer Durables,Consumer Durables,INE429E01023,Micro Cap,false,false,Listed
SAGARDEEP,Sagardeep Alloys Ltd,Unknown,Unknown,INE976T01013,Unknown,false,false,Listed
SAGCEM,Sagar Cements Ltd,Unknown,Unknown,INE229C01021,Unknown,false,false,Listed
SAGILITY,SAGILITY Ltd,Information Technology,Information Technology,INE0W2G01015,Small Cap,false,false,Listed
SAHLIBHFI,Shalibhadra Finance Ltd,Unknown,Unknown,INE861D01011,Unknown,false,false,Listed
SAHYADRI,Sahyadri Industries Ltd,Unknown,Unknown,INE280H01015,Unknown,false,false,Listed
SAIL,Steel Authority of India Ltd,Metals & Mining,Metals & Mining,INE114A01011,Mid Cap,false,false,Listed
SAILIFE,Sai Life Sciences Ltd,Healthcare,Healthcare,INE570L01029,Small Cap,false,false,Listed
SAIPARENT,Sai Parenterals Ltd,Unknown,Unknown,INE0H9F01037,Unknown,false,false,Listed
SAKAR,Sakar Healthcare Ltd,Unknown,Unknown,INE732S01012,Unknown,false,false,Listed
SAKHTISUG,Sakthi Sugars Ltd,Unknown,Unknown,INE623A01011,Unknown,false,false,Listed
SAKSOFT,Saksoft Ltd,Unknown,Unknown,INE667G01023,Unknown,false,false,Listed
SALASAR,Salasar Techno Engineering Ltd,Unknown,Unknown,INE170V01027,Unknown,false,false,Listed
SALONA,Salona Cotspin Ltd,Unknown,Unknown,INE498E01010,Unknown,false,false,Listed
SALZERELEC,Salzer Electronics Ltd,Unknown,Unknown,INE457F01013,Unknown,false,false,Listed
SAMBHAAV,Sambhaav Media Ltd,Unknown,Unknown,INE699B01027,Unknown,false,false,Listed
SAMBHV,Sambhv Steel Tubes Ltd,Unknown,Unknown,INE12NJ01018,Unknown,false,false,Listed
SAMHI,Samhi Hotels Ltd,Consumer Services,Consumer Services,INE08U801020,Micro Cap,false,false,Listed
SAMMAANCAP,Sammaan Capital Ltd,Financial Services,Financial Services,INE148I01020,Small Cap,false,false,Listed
SAMPANN,Sampann Utpadan India Ltd,Unknown,Unknown,INE735M01018,Unknown,false,false,Listed
SANATHAN,Sanathan Textiles Ltd,Unknown,Unknown,INE0JPD01013,Unknown,false,false,Listed
SANDESH,The Sandesh Ltd,Unknown,Unknown,INE583B01015,Unknown,false,false,Listed
SANDHAR,Sandhar Technologies Ltd,Unknown,Unknown,INE278H01035,Unknown,false,false,Listed
SANDUMA,Sandur Manganese & Iron Ores Ltd,Metals & Mining,Metals & Mining,INE149K01016,Micro Cap,false,false,Listed
SANGAMIND,Sangam (India) Ltd,Unknown,Unknown,INE495C01010,Unknown,false,false,Listed
SANGHVIMOV,Sanghvi Movers Ltd,Unknown,Unknown,INE989A01032,Unknown,false,false,Listed
SANOFI,Sanofi India Ltd,Unknown,Unknown,INE058A01010,Unknown,false,false,Listed
SANOFICONR,Sanofi Consumer Healthcare India Ltd,Healthcare,Healthcare,INE0UOS01011,Micro Cap,false,false,Listed
SANSERA,Sansera Engineering Ltd,Automobile and Auto Components,Automobile and Auto Components,INE953O01021,Micro Cap,false,false,Listed
SANSTAR,Sanstar Ltd,Unknown,Unknown,INE08NE01025,Unknown,false,false,Listed
SAPPHIRE,Sapphire Foods India Ltd,Consumer Services,Consumer Services,INE806T01020,Small Cap,false,false,Listed
SAPPL,Shree Ajit Pulp & Paper Ltd,Unknown,Unknown,INE185C01017,Unknown,false,false,Listed
SARDAEN,Sarda Energy & Minerals Ltd,Metals & Mining,Metals & Mining,INE385C01021,Small Cap,false,false,Listed
SAREGAMA,Saregama India Ltd,Media Entertainment & Publication,Media Entertainment & Publication,INE979A01025,Small Cap,false,false,Listed
SARLAPOLY,Sarla Performance Fibers Ltd,Unknown,Unknown,INE453D01025,Unknown,false,false,Listed
SASKEN,Sasken Technologies Ltd,Unknown,Unknown,INE231F01020,Unknown,false,false,Listed
SATIA,Satia Industries Ltd,Unknown,Unknown,INE170E01023,Unknown,false,false,Listed
SATIN,Satin Creditcare Network Ltd,Unknown,Unknown,INE836B01017,Unknown,false,false,Listed
SAURASHCEM,Saurashtra Cement Ltd,Unknown,Unknown,INE626A01014,Unknown,false,false,Listed
SAYAJIHOTL,Sayaji Hotels Ltd,Unknown,Unknown,INE318C01014,Unknown,false,false,Listed
SBC,SBC Exports Ltd,Unknown,Unknown,INE04AK01028,Unknown,false,false,Listed
SBCL,Shivalik Bimetal Controls Ltd,Unknown,Unknown,INE386D01027,Unknown,false,false,Listed
SBFC,SBFC Finance Ltd,Financial Services,Financial Services,INE423Y01016,Small Cap,false,false,Listed
SBGLP,Suratwwala Business Group Ltd,Unknown,Unknown,INE05ST01028,Unknown,false,false,Listed
SBICARD,SBI Cards and Payment Services Ltd,Financial Services,Financial Services,INE018E01016,Mid Cap,false,false,Listed
SBILIFE,SBI Life Insurance Company Ltd,Financial Services,Financial Services,INE123W01016,Large Cap,true,false,Listed
SBIN,State Bank of India,Financial Services,Financial Services,INE062A01020,Large Cap,true,false,Listed
SCANSTL,Scan Steels Ltd,Unknown,Unknown,INE099G01011,Unknown,false,false,Listed
SCHAEFFLER,Schaeffler India Ltd,Automobile and Auto Components,Automobile and Auto Components,INE513A01022,Mid Cap,false,false,Listed
SCHAND,S Chand And Company Ltd,Unknown,Unknown,INE807K01035,Unknown,false,false,Listed
SCHNEIDER,Schneider Electric Infrastructure Ltd,Capital Goods,Capital Goods,INE839M01018,Small Cap,false,false,Listed
SCI,Shipping Corporation Of India Ltd,Services,Services,INE109A01011,Small Cap,false,false,Listed
SCILAL,Shipping Corporation of India Land and Assets Ltd,Unknown,Unknown,INE0PB301013,Unknown,false,false,Listed
SCODATUBES,Scoda Tubes Ltd,Unknown,Unknown,INE090501011,Unknown,false,false,Listed
SCPL,Sheetal Cool Products Ltd,Unknown,Unknown,INE501Y01019,Unknown,false,false,Listed
SDBL,Som Distilleries & Breweries Ltd,Unknown,Unknown,INE480C01038,Unknown,false,false,Listed
SEAMECLTD,Seamec Ltd,Unknown,Unknown,INE497B01018,Unknown,false,false,Listed
SECMARK,SecMark Consultancy Ltd,Unknown,Unknown,INE0BTM01013,Unknown,false,false,Listed
SECURKLOUD,SECUREKLOUD TECHNOLOGIES Ltd,Unknown,Unknown,INE650K01021,Unknown,false,false,Listed
SEDEMAC,SEDEMAC Mechatronics Ltd,Unknown,Unknown,INE00XB01019,Unknown,false,false,Listed
SEIL,Shanti Educational Initiatives Ltd,Unknown,Unknown,INE440T01028,Unknown,false,false,Listed
SELMC,SEL Manufacturing Company Ltd,Unknown,Unknown,INE105I01020,Unknown,false,false,Listed
SENCO,Senco Gold Ltd,Consumer Durables,Consumer Durables,INE602W01027,Micro Cap,false,false,Listed
SENORES,Senores Pharmaceuticals Ltd,Unknown,Unknown,INE0RB801010,Unknown,false,false,Listed
SEPC,SEPC Ltd,Unknown,Unknown,INE964H01014,Unknown,false,false,Listed
SERVOTECH,Servotech Renewable Power System Ltd,Unknown,Unknown,INE782X01033,Unknown,false,false,Listed
SESHAPAPER,Seshasayee Paper and Boards Ltd,Unknown,Unknown,INE630A01024,Unknown,false,false,Listed
SETL,Standard Engineering Technology Ltd,Unknown,Unknown,INE0M4D01010,Unknown,false,false,Listed
SFL,Sheela Foam Ltd,Consumer Durables,Consumer Durables,INE916U01025,Micro Cap,false,false,Listed
SGFIN,SG Finserve Ltd,Unknown,Unknown,INE618R01015,Unknown,false,false,Listed
SGIL,Synergy Green Industries Ltd,Unknown,Unknown,INE00QT01015,Unknown,false,false,Listed
SGL,STL Global Ltd,Unknown,Unknown,INE353H01010,Unknown,false,false,Listed
SGMART,SG Mart Ltd,Unknown,Unknown,INE385F01024,Unknown,false,false,Listed
SHADOWFAX,Shadowfax Technologies Ltd,Unknown,Unknown,INE12UN01015,Unknown,false,false,Listed
SHAH,Shah Metacorp Ltd,Unknown,Unknown,INE482J01021,Unknown,false,false,Listed
SHAHALLOYS,Shah Alloys Ltd,Unknown,Unknown,INE640C01011,Unknown,false,false,Listed
SHAILY,Shaily Engineering Plastics Ltd,Consumer Durables,Consumer Durables,INE151G01028,Micro Cap,false,false,Listed
SHAKTIPUMP,Shakti Pumps (India) Ltd,Capital Goods,Capital Goods,INE908D01010,Micro Cap,false,false,Listed
SHALBY,Shalby Ltd,Unknown,Unknown,INE597J01018,Unknown,false,false,Listed
SHALPAINTS,Shalimar Paints Ltd,Unknown,Unknown,INE849C01026,Unknown,false,false,Listed
SHANTI,Shanti Overseas (India) Ltd,Unknown,Unknown,INE933X01016,Unknown,false,false,Listed
SHANTIGEAR,Shanthi Gears Ltd,Unknown,Unknown,INE631A01022,Unknown,false,false,Listed
SHANTIGOLD,Shanti Gold International Ltd,Unknown,Unknown,INE06ZD01017,Unknown,false,false,Listed
SHARDACROP,Sharda Cropchem Ltd,Chemicals,Chemicals,INE221J01015,Micro Cap,false,false,Listed
SHARDAMOTR,Sharda Motor Industries Ltd,Unknown,Unknown,INE597I01028,Unknown,false,false,Listed
SHARDUL,Shardul Securities Ltd,Unknown,Unknown,INE037B01020,Unknown,false,false,Listed
SHAREINDIA,Share India Securities Ltd,Financial Services,Financial Services,INE932X01026,Micro Cap,false,false,Listed
SHBAJRG,Shri Bajrang Alliance Ltd,Unknown,Unknown,INE402H01015,Unknown,false,false,Listed
SHILCTECH,Shilchar Technologies Ltd,Unknown,Unknown,INE024F01011,Unknown,false,false,Listed
SHILPAMED,Shilpa Medicare Ltd,Healthcare,Healthcare,INE790G01031,Micro Cap,false,false,Listed
SHINDL,Sharat Industries Ltd,Unknown,Unknown,INE220Z01013,Unknown,false,false,Listed
SHIVATEX,Shiva Texyarn Ltd,Unknown,Unknown,INE705C01020,Unknown,false,false,Listed
SHIVAUM,Shiv Aum Steels Ltd,Unknown,Unknown,INE719F01016,Unknown,false,false,Listed
SHK,S H Kelkar and Company Ltd,Unknown,Unknown,INE500L01026,Unknown,false,false,Listed
SHOPERSTOP,Shoppers Stop Ltd,Unknown,Unknown,INE498B01024,Unknown,false,false,Listed
SHRADHA,Shradha Realty Ltd,Unknown,Unknown,INE715Y01031,Unknown,false,false,Listed
SHREDIGCEM,Shree Digvijay Cement Co.Ltd,Unknown,Unknown,INE232A01011,Unknown,false,false,Listed
SHREECEM,SHREE CEMENT Ltd,Construction Materials,Construction Materials,INE070A01015,Large Cap,false,true,Listed
SHREEJISPG,Shreeji Shipping Global Ltd,Unknown,Unknown,INE1B6101010,Unknown,false,false,Listed
SHREEPUSHK,Shree Pushkar Chemicals & Fertilisers Ltd,Unknown,Unknown,INE712K01011,Unknown,false,false,Listed
SHREERAMA,Shree Rama Multi-Tech Ltd,Unknown,Unknown,INE879A01019,Unknown,false,false,Listed
SHREYANIND,Shreyans Industries Ltd,Unknown,Unknown,INE231C01019,Unknown,false,false,Listed
SHRIKRISH,Shri Krishna Devcon Ltd,Unknown,Unknown,INE997I01012,Unknown,false,false,Listed
SHRINGARMS,Shringar House of Mangalsutra Ltd,Unknown,Unknown,INE1B3L01017,Unknown,false,false,Listed
SHRIPISTON,SPR Auto Technologies Ltd,Automobile and Auto Components,Automobile and Auto Components,INE526E01018,Micro Cap,false,false,Listed
SHRIRAMFIN,Shriram Finance Ltd,Financial Services,Financial Services,INE721A01047,Large Cap,true,false,Listed
SHRIRAMPPS,Shriram Properties Ltd,Unknown,Unknown,INE217L01019,Unknown,false,false,Listed
SHYAMMETL,Shyam Metalics and Energy Ltd,Capital Goods,Capital Goods,INE810G01011,Small Cap,false,false,Listed
SICAGEN,Sicagen India Ltd,Unknown,Unknown,INE176J01011,Unknown,false,false,Listed
SICALLOG,Sical Logistics Ltd,Unknown,Unknown,INE075B01020,Unknown,false,false,Listed
SIEMENS,Siemens Ltd,Capital Goods,Capital Goods,INE003A01024,Large Cap,false,true,Listed
SIGIND,Signet Industries Ltd,Unknown,Unknown,INE529F01035,Unknown,false,false,Listed
SIGMA,Sigma Solve Ltd,Unknown,Unknown,INE0A0S01028,Unknown,false,false,Listed
SIGMAADV,SIGMA ADVANCED SYSTEMS Ltd,Unknown,Unknown,INE933B01012,Unknown,false,false,Listed
SIGNATURE,Signatureglobal (India) Ltd,Realty,Realty,INE903U01023,Small Cap,false,false,Listed
SIGNPOST,Signpost India Ltd,Unknown,Unknown,INE0KGZ01021,Unknown,false,false,Listed
SIKA,Sika Interplant Systems Ltd,Unknown,Unknown,INE438E01032,Unknown,false,false,Listed
SIKKO,Sikko Industries Ltd,Unknown,Unknown,INE112X01025,Unknown,false,false,Listed
SIL,Standard Industries Ltd,Unknown,Unknown,INE173A01025,Unknown,false,false,Listed
SILGO,Silgo Retail Ltd,Unknown,Unknown,INE01II01013,Unknown,false,false,Listed
SILINV,SIL Investments Ltd,Unknown,Unknown,INE923A01015,Unknown,false,false,Listed
SILLYMONKS,Silly Monks Entertainment Ltd,Unknown,Unknown,INE203Y01012,Unknown,false,false,Listed
SILVERTUC,Silver Touch Technologies Ltd,Unknown,Unknown,INE625X01026,Unknown,false,false,Listed
SIMPLEXINF,Simplex Infrastructures Ltd,Unknown,Unknown,INE059B01024,Unknown,false,false,Listed
SINCLAIR,Sinclairs Hotels Ltd,Unknown,Unknown,INE985A01022,Unknown,false,false,Listed
SINDHUTRAD,Sindhu Trade Links Ltd,Unknown,Unknown,INE325D01025,Unknown,false,false,Listed
SINGERIND,Singer India Ltd,Unknown,Unknown,INE638A01035,Unknown,false,false,Listed
SINTERCOM,Sintercom India Ltd,Unknown,Unknown,INE129Z01016,Unknown,false,false,Listed
SIRCA,Sirca Paints India Ltd,Unknown,Unknown,INE792Z01011,Unknown,false,false,Listed
SIS,SIS Ltd,Unknown,Unknown,INE285J01028,Unknown,false,false,Listed
SIYSIL,Siyaram Silk Mills Ltd,Unknown,Unknown,INE076B01028,Unknown,false,false,Listed
SJS,S.J.S. Enterprises Ltd,Unknown,Unknown,INE284S01014,Unknown,false,false,Listed
SJVN,SJVN Ltd,Power,Power,INE002L01015,Mid Cap,false,false,Listed
SKFINDIA,SKF India Ltd,Automobile and Auto Components,Automobile and Auto Components,INE640A01023,Micro Cap,false,false,Listed
SKFINDUS,SKF India (Industrial) Ltd,Capital Goods,Capital Goods,INE2J8701016,Micro Cap,false,false,Listed
SKIPPER,Skipper Ltd,Capital Goods,Capital Goods,INE439E01022,Micro Cap,false,false,Listed
SKMEGGPROD,SKM Egg Products Export (India) Ltd,Unknown,Unknown,INE411D01023,Unknown,false,false,Listed
SKYGOLD,SKY GOLD AND DIAMONDS Ltd,Consumer Durables,Consumer Durables,INE01IU01018,Micro Cap,false,false,Listed
SMARTWORKS,Smartworks Coworking Spaces Ltd,Services,Services,INE0NAZ01010,Micro Cap,false,false,Listed
SMCGLOBAL,SMC Global Securities Ltd,Unknown,Unknown,INE103C01036,Unknown,false,false,Listed
SMLMAH,SML Mahindra Ltd,Capital Goods,Capital Goods,INE294B01019,Micro Cap,false,false,Listed
SMLT,Sarthak Metals Ltd,Unknown,Unknown,INE017W01010,Unknown,false,false,Listed
SMSPHARMA,SMS Pharmaceuticals Ltd,Unknown,Unknown,INE812G01025,Unknown,false,false,Listed
SNOWMAN,Snowman Logistics Ltd,Unknown,Unknown,INE734N01019,Unknown,false,false,Listed
SOBHA,Sobha Ltd,Realty,Realty,INE671H01015,Small Cap,false,false,Listed
SOLARA,Solara Active Pharma Sciences Ltd,Unknown,Unknown,INE624Z01016,Unknown,false,false,Listed
SOLARINDS,Solar Industries India Ltd,Chemicals,Chemicals,INE343H01029,Large Cap,false,true,Listed
SOLARWORLD,Solarworld Energy Solutions Ltd,Unknown,Unknown,INE0TY101024,Unknown,false,false,Listed
SOLEX,Solex Energy Ltd,Unknown,Unknown,INE880Y01017,Unknown,false,false,Listed
SOMANYCERA,Somany Ceramics Ltd,Unknown,Unknown,INE355A01028,Unknown,false,false,Listed
SOMATEX,Soma Textiles & Industries Ltd,Unknown,Unknown,INE314C01013,Unknown,false,false,Listed
SOMICONVEY,Somi Conveyor Beltings Ltd,Unknown,Unknown,INE323J01019,Unknown,false,false,Listed
SONACOMS,Sona BLW Precision Forgings Ltd,Automobile and Auto Components,Automobile and Auto Components,INE073K01018,Small Cap,false,false,Listed
SONAL,Sonal Mercantile Ltd,Unknown,Unknown,INE321M01017,Unknown,false,false,Listed
SONAMLTD,SONAM Ltd,Unknown,Unknown,INE00LM01029,Unknown,false,false,Listed
SONATSOFTW,Sonata Software Ltd,Information Technology,Information Technology,INE269A01021,Small Cap,false,false,Listed
SOTL,Savita Oil Technologies Ltd,Unknown,Unknown,INE035D01020,Unknown,false,false,Listed
SOUTHBANK,The South Indian Bank Ltd,Financial Services,Financial Services,INE683A01023,Micro Cap,false,false,Listed
SOUTHWEST,South West Pinnacle Exploration Ltd,Unknown,Unknown,INE980Y01015,Unknown,false,false,Listed
SPAL,S. P. Apparels Ltd,Unknown,Unknown,INE212I01016,Unknown,false,false,Listed
SPANDANA,Spandana Sphoorty Financial Ltd,Unknown,Unknown,INE572J01011,Unknown,false,false,Listed
SPARC,Sun Pharma Advanced Research Company Ltd,Healthcare,Healthcare,INE232I01014,Micro Cap,false,false,Listed
SPCENET,Spacenet Enterprises India Ltd,Unknown,Unknown,INE970N01027,Unknown,false,false,Listed
SPECIALITY,Speciality Restaurants Ltd,Unknown,Unknown,INE247M01014,Unknown,false,false,Listed
SPECTRUM,Spectrum Electrical Industries Ltd,Unknown,Unknown,INE01EO01010,Unknown,false,false,Listed
SPENCERS,Spencer's Retail Ltd,Unknown,Unknown,INE020801028,Unknown,false,false,Listed
SPIC,Southern Petrochemicals Industries Corporation Ltd,Unknown,Unknown,INE147A01011,Unknown,false,false,Listed
SPLIL,SPL Industries Ltd,Unknown,Unknown,INE978G01016,Unknown,false,false,Listed
SPLPETRO,Supreme Petrochem Ltd,Chemicals,Chemicals,INE663A01033,Small Cap,false,false,Listed
SPMLINFRA,SPML Infra Ltd,Unknown,Unknown,INE937A01023,Unknown,false,false,Listed
SPORTKING,Sportking India Ltd,Unknown,Unknown,INE885H01029,Unknown,false,false,Listed
SRD,Shankar Lal Rampal Dye-Chem Ltd,Unknown,Unknown,INE01NE01012,Unknown,false,false,Listed
SREEL,Sreeleathers Ltd,Unknown,Unknown,INE099F01013,Unknown,false,false,Listed
SRF,SRF Ltd,Chemicals,Chemicals,INE647A01010,Mid Cap,false,false,Listed
SRGHFL,SRG Housing Finance Ltd,Unknown,Unknown,INE559N01010,Unknown,false,false,Listed
SRHHYPOLTD,Sree Rayalaseema Hi-Strength Hypo Ltd,Unknown,Unknown,INE917H01012,Unknown,false,false,Listed
SRM,SRM Contractors Ltd,Unknown,Unknown,INE0R6Z01013,Unknown,false,false,Listed
SRTL,Shree Ram Twistex Ltd,Unknown,Unknown,INE19GK01015,Unknown,false,false,Listed
SSDL,Saraswati Saree Depot Ltd,Unknown,Unknown,INE0PQ101010,Unknown,false,false,Listed
SSWL,Steel Strips Wheels Ltd,Unknown,Unknown,INE802C01033,Unknown,false,false,Listed
STALLION,Stallion India Fluorochemicals Ltd,Unknown,Unknown,INE0RYC01010,Unknown,false,false,Listed
STANLEY,Stanley Lifestyles Ltd,Unknown,Unknown,INE01A001028,Unknown,false,false,Listed
STAR,Strides Pharma Science Ltd,Healthcare,Healthcare,INE939A01011,Micro Cap,false,false,Listed
STARCEMENT,Star Cement Ltd,Construction Materials,Construction Materials,INE460H01021,Micro Cap,false,false,Listed
STARHEALTH,Star Health and Allied Insurance Company Ltd,Financial Services,Financial Services,INE575P01011,Small Cap,false,false,Listed
STARPAPER,Star Paper Mills Ltd,Unknown,Unknown,INE733A01018,Unknown,false,false,Listed
STARTECK,Starteck Finance Ltd,Unknown,Unknown,INE992I01013,Unknown,false,false,Listed
STCINDIA,The State Trading Corporation of India Ltd,Unknown,Unknown,INE655A01013,Unknown,false,false,Listed
STEELCAS,Steelcast Ltd,Unknown,Unknown,INE124E01038,Unknown,false,false,Listed
STEELCITY,Steel City Securities Ltd,Unknown,Unknown,INE395H01011,Unknown,false,false,Listed
STEELXIND,STEEL EXCHANGE INDIA Ltd,Unknown,Unknown,INE503B01021,Unknown,false,false,Listed
STEL,Stel Holdings Ltd,Unknown,Unknown,INE577L01016,Unknown,false,false,Listed
STLTECH,Sterlite Technologies Ltd.,Telecommunication,Telecommunication,INE089C01029,Micro Cap,false,false,Listed
STOVEKRAFT,Stove Kraft Ltd,Unknown,Unknown,INE00IN01015,Unknown,false,false,Listed
STUDDS,Studds Accessories Ltd,Unknown,Unknown,INE00Q601028,Unknown,false,false,Listed
STYL,Seshaasai Technologies Ltd,Financial Services,Financial Services,INE04VU01023,Micro Cap,false,false,Listed
STYLAMIND,Stylam Industries Ltd,Unknown,Unknown,INE239C01020,Unknown,false,false,Listed
STYRENIX,Styrenix Performance Materials Ltd,Chemicals,Chemicals,INE189B01011,Micro Cap,false,false,Listed
SUBROS,Subros Ltd,Capital Goods,Capital Goods,INE287B01021,Micro Cap,false,false,Listed
SUDARCOLOR,Sudarshan Colorants India Ltd,Unknown,Unknown,INE492A01029,Unknown,false,false,Listed
SUDARSCHEM,Sudarshan Chemical Industries Ltd,Chemicals,Chemicals,INE659A01023,Micro Cap,false,false,Listed
SUDEEPPHRM,Sudeep Pharma Ltd,Chemicals,Chemicals,INE0QPI01025,Micro Cap,false,false,Listed
SUKHJITS,Sukhjit Starch & Chemicals Ltd,Unknown,Unknown,INE450E01029,Unknown,false,false,Listed
SULA,Sula Vineyards Ltd,Unknown,Unknown,INE142Q01026,Unknown,false,false,Listed
SUMEETINDS,Sumeet Industries Ltd,Unknown,Unknown,INE235C01036,Unknown,false,false,Listed
SUMICHEM,Sumitomo Chemical India Ltd,Chemicals,Chemicals,INE258G01013,Small Cap,false,false,Listed
SUMMITSEC,Summit Securities Ltd,Unknown,Unknown,INE519C01017,Unknown,false,false,Listed
SUNCLAY,Sundaram Clayton Ltd,Unknown,Unknown,INE0Q3R01026,Unknown,false,false,Listed
SUNDARAM,Sundaram Multi Pap Ltd,Unknown,Unknown,INE108E01023,Unknown,false,false,Listed
SUNDARMFIN,Sundaram Finance Ltd,Financial Services,Financial Services,INE660A01013,Mid Cap,false,false,Listed
SUNDRMFAST,Sundram Fasteners Ltd,Unknown,Unknown,INE387A01021,Unknown,false,false,Listed
SUNDROP,Sundrop Brands Ltd,Unknown,Unknown,INE209A01019,Unknown,false,false,Listed
SUNFLAG,Sunflag Iron And Steel Company Ltd,Unknown,Unknown,INE947A01014,Unknown,false,false,Listed
SUNPHARMA,Sun Pharmaceutical Industries Ltd,Healthcare,Healthcare,INE044A01036,Large Cap,true,false,Listed
SUNTECK,Sunteck Realty Ltd,Realty,Realty,INE805D01034,Micro Cap,false,false,Listed
SUNTV,Sun TV Network Ltd,Media Entertainment & Publication,Media Entertainment & Publication,INE424H01027,Small Cap,false,false,Listed
SUPERHOUSE,Superhouse Ltd,Unknown,Unknown,INE712B01010,Unknown,false,false,Listed
SUPRAJIT,Suprajit Engineering Ltd,Unknown,Unknown,INE399C01030,Unknown,false,false,Listed
SUPREME,Supreme Holdings & Hospitality (India) Ltd,Unknown,Unknown,INE822E01011,Unknown,false,false,Listed
SUPREMEIND,Supreme Industries Ltd,Capital Goods,Capital Goods,INE195A01028,Mid Cap,false,false,Listed
SUPREMEINF,Supreme Infrastructure India Ltd,Unknown,Unknown,INE550H01011,Unknown,false,false,Listed
SUPRIYA,Supriya Lifescience Ltd,Healthcare,Healthcare,INE07RO01027,Micro Cap,false,false,Listed
SURAJEST,Suraj Estate Developers Ltd,Unknown,Unknown,INE843S01025,Unknown,false,false,Listed
SURAJLTD,Suraj Ltd,Unknown,Unknown,INE713C01016,Unknown,false,false,Listed
SURAKSHA,Suraksha Diagnostic Ltd,Unknown,Unknown,INE877V01027,Unknown,false,false,Listed
SURANASOL,Surana Solar Ltd,Unknown,Unknown,INE272L01022,Unknown,false,false,Listed
SURANAT&P,Surana Telecom and Power Ltd,Unknown,Unknown,INE130B01031,Unknown,false,false,Listed
SURYALA,Suryalata Spinning Mills Ltd,Unknown,Unknown,INE132C01027,Unknown,false,false,Listed
SURYALAXMI,Suryalakshmi Cotton Mills Ltd,Unknown,Unknown,INE713B01026,Unknown,false,false,Listed
SURYAROSNI,Surya Roshni Ltd,Capital Goods,Capital Goods,INE335A01020,Micro Cap,false,false,Listed
SURYODAY,Suryoday Small Finance Bank Ltd,Unknown,Unknown,INE428Q01011,Unknown,false,false,Listed
SUVEN,Suven Life Sciences Ltd,Unknown,Unknown,INE495B01038,Unknown,false,false,Listed
SUVIDHAA,Suvidhaa Infoserve Ltd,Unknown,Unknown,INE018401013,Unknown,false,false,Listed
SUYOG,Suyog Telematics Ltd,Unknown,Unknown,INE442P01014,Unknown,false,false,Listed
SUZLON,Suzlon Energy Ltd,Capital Goods,Capital Goods,INE040H01021,Mid Cap,false,false,Listed
SWANCORP,SWAN CORP Ltd,Chemicals,Chemicals,INE665A01038,Small Cap,false,false,Listed
SWARAJENG,Swaraj Engines Ltd,Unknown,Unknown,INE277A01016,Unknown,false,false,Listed
SWELECTES,Swelect Energy Systems Ltd,Unknown,Unknown,INE409B01013,Unknown,false,false,Listed
SWIGGY,Swiggy Ltd,Consumer Services,Consumer Services,INE00H001014,Mid Cap,false,false,Listed
SWSOLAR,Sterling and Wilson Renewable Energy Ltd,Construction,Construction,INE00M201021,Micro Cap,false,false,Listed
SYMPHONY,Symphony Ltd,Unknown,Unknown,INE225D01027,Unknown,false,false,Listed
SYNCOMF,Syncom Formulations (India) Ltd,Unknown,Unknown,INE312C01025,Unknown,false,false,Listed
SYNGENE,Syngene International Ltd,Healthcare,Healthcare,INE398R01022,Small Cap,false,false,Listed
SYRMA,Syrma SGS Technology Ltd,Capital Goods,Capital Goods,INE0DYJ01015,Small Cap,false,false,Listed
TAALTECH,Taal Tech Ltd,Unknown,Unknown,INE524T01011,Unknown,false,false,Listed
TAINWALCHM,Tainwala Chemical and Plastic (I) Ltd,Unknown,Unknown,INE123C01018,Unknown,false,false,Listed
TAJGVK,Taj GVK Hotels & Resorts Ltd,Unknown,Unknown,INE586B01026,Unknown,false,false,Listed
TALBROAUTO,Talbros Automotive Components Ltd,Unknown,Unknown,INE187D01029,Unknown,false,false,Listed
TANLA,Tanla Platforms Ltd,Information Technology,Information Technology,INE483C01032,Micro Cap,false,false,Listed
TARACHAND,Tara Chand InfraLogistic Solutions Ltd,Unknown,Unknown,INE555Z01020,Unknown,false,false,Listed
TARAPUR,Tarapur Transformers Ltd,Unknown,Unknown,INE747K01017,Unknown,false,false,Listed
TARC,TARC Ltd,Realty,Realty,INE0EK901012,Micro Cap,false,false,Listed
TARIL,Transformers And Rectifiers (India) Ltd,Capital Goods,Capital Goods,INE763I01026,Small Cap,false,false,Listed
TARMAT,Tarmat Ltd,Unknown,Unknown,INE924H01018,Unknown,false,false,Listed
TARSONS,Tarsons Products Ltd,Unknown,Unknown,INE144Z01023,Unknown,false,false,Listed
TASTYBITE,Tasty Bite Eatables Ltd,Unknown,Unknown,INE488B01017,Unknown,false,false,Listed
TATACAP,Tata Capital Ltd,Financial Services,Financial Services,INE976I01016,Large Cap,false,true,Listed
TATACHEM,Tata Chemicals Ltd,Chemicals,Chemicals,INE092A01019,Small Cap,false,false,Listed
TATACOMM,Tata Communications Ltd,Telecommunication,Telecommunication,INE151A01013,Mid Cap,false,false,Listed
TATACONSUM,TATA CONSUMER PRODUCTS Ltd,Fast Moving Consumer Goods,Fast Moving Consumer Goods,INE192A01025,Large Cap,true,false,Listed
TATAELXSI,Tata Elxsi Ltd,Information Technology,Information Technology,INE670A01012,Mid Cap,false,false,Listed
TATAINVEST,Tata Investment Corporation Ltd,Financial Services,Financial Services,INE672A01026,Mid Cap,false,false,Listed
TATAPOWER,Tata Power Company Ltd,Power,Power,INE245A01021,Large Cap,false,true,Listed
TATASTEEL,Tata Steel Ltd,Metals & Mining,Metals & Mining,INE081A01020,Large Cap,true,false,Listed
TATATECH,Tata Technologies Ltd,Information Technology,Information Technology,INE142M01025,Small Cap,false,false,Listed
TATVA,Tatva Chintan Pharma Chem Ltd,Unknown,Unknown,INE0GK401011,Unknown,false,false,Listed
TBOTEK,TBO Tek Ltd,Consumer Services,Consumer Services,INE673O01025,Small Cap,false,false,Listed
TBZ,Tribhovandas Bhimji Zaveri Ltd,Unknown,Unknown,INE760L01018,Unknown,false,false,Listed
TCC,TCC Concept Ltd,Unknown,Unknown,INE887D01016,Unknown,false,false,Listed
TCI,Transport Corporation of India Ltd,Unknown,Unknown,INE688A01022,Unknown,false,false,Listed
TCIEXP,TCI Express Ltd,Unknown,Unknown,INE586V01016,Unknown,false,false,Listed
TCPLPACK,TCPL Packaging Ltd,Unknown,Unknown,INE822C01015,Unknown,false,false,Listed
TCS,Tata Consultancy Services Ltd,Information Technology,Information Technology,INE467B01029,Large Cap,true,false,Listed
TDPOWERSYS,TD Power Systems Ltd,Capital Goods,Capital Goods,INE419M01027,Micro Cap,false,false,Listed
TEAMGTY,Team India Guaranty Ltd,Unknown,Unknown,INE289C01025,Unknown,false,false,Listed
TEAMLEASE,Teamlease Services Ltd,Unknown,Unknown,INE985S01024,Unknown,false,false,Listed
TECHM,Tech Mahindra Ltd,Information Technology,Information Technology,INE669C01036,Large Cap,true,false,Listed
TECHNOE,Techno Electric & Engineering Company Ltd,Construction,Construction,INE285K01026,Small Cap,false,false,Listed
TECHNVISN,TechNVision Ventures Ltd,Unknown,Unknown,INE314H01012,Unknown,false,false,Listed
TECILCHEM,TECIL Chemicals and Hydro Power Ltd,Unknown,Unknown,INE014B01011,Unknown,false,false,Listed
TEGA,Tega Industries Ltd,Capital Goods,Capital Goods,INE011K01018,Small Cap,false,false,Listed
TEJASNET,Tejas Networks Ltd,Telecommunication,Telecommunication,INE010J01012,Small Cap,false,false,Listed
TEMBO,Tembo Global Industries Ltd,Unknown,Unknown,INE869Y01010,Unknown,false,false,Listed
TENNIND,Tenneco Clean Air India Ltd,Automobile and Auto Components,Automobile and Auto Components,INE19RI01016,Small Cap,false,false,Listed
TERASOFT,Tera Software Ltd,Unknown,Unknown,INE482B01010,Unknown,false,false,Listed
TEXINFRA,Texmaco Infrastructure & Holdings Ltd,Unknown,Unknown,INE435C01024,Unknown,false,false,Listed
TEXMOPIPES,Texmo Pipes and Products Ltd,Unknown,Unknown,INE141K01013,Unknown,false,false,Listed
TEXRAIL,Texmaco Rail & Engineering Ltd,Capital Goods,Capital Goods,INE621L01012,Micro Cap,false,false,Listed
TFCILTD,Tourism Finance Corporation of India Ltd,Unknown,Unknown,INE305A01023,Unknown,false,false,Listed
TFL,Transwarranty Finance Ltd,Unknown,Unknown,INE804H01012,Unknown,false,false,Listed
TGBHOTELS,TGB Banquets And Hotels Ltd,Unknown,Unknown,INE797H01018,Unknown,false,false,Listed
THAKDEV,Thakkers Developers Ltd,Unknown,Unknown,INE403F01017,Unknown,false,false,Listed
THANGAMAYL,Thangamayil Jewellery Ltd,Consumer Durables,Consumer Durables,INE085J01014,Micro Cap,false,false,Listed
THEINVEST,The Investment Trust Of India Ltd,Unknown,Unknown,INE924D01017,Unknown,false,false,Listed
THEJO,Thejo Engineering Ltd,Unknown,Unknown,INE121N01019,Unknown,false,false,Listed
THELEELA,Leela Palaces Hotels & Resorts Ltd,Consumer Services,Consumer Services,INE0AQ201015,Small Cap,false,false,Listed
THEMISMED,Themis Medicare Ltd,Unknown,Unknown,INE083B01024,Unknown,false,false,Listed
THERMAX,Thermax Ltd,Capital Goods,Capital Goods,INE152A01029,Mid Cap,false,false,Listed
THOMASCOOK,Thomas Cook (India) Ltd,Consumer Services,Consumer Services,INE332A01027,Micro Cap,false,false,Listed
THOMASCOTT,Thomas Scott (India) Ltd,Unknown,Unknown,INE480M01011,Unknown,false,false,Listed
THYROCARE,Thyrocare Technologies Ltd,Healthcare,Healthcare,INE594H01019,Micro Cap,false,false,Listed
TI,Tilaknagar Industries Ltd,Fast Moving Consumer Goods,Fast Moving Consumer Goods,INE133E01013,Micro Cap,false,false,Listed
TICL,Twamev Construction and Infrastructure Ltd,Unknown,Unknown,INE388G01026,Unknown,false,false,Listed
TIIL,Technocraft Industries (India) Ltd,Unknown,Unknown,INE545H01011,Unknown,false,false,Listed
TIINDIA,Tube Investments of India Ltd,Automobile and Auto Components,Automobile and Auto Components,INE974X01010,Mid Cap,false,false,Listed
TIJARIA,Tijaria Polypipes Ltd,Unknown,Unknown,INE440L01017,Unknown,false,false,Listed
TIL,TIL Ltd,Unknown,Unknown,INE806C01018,Unknown,false,false,Listed
TIMETECHNO,Time Technoplast Ltd,Capital Goods,Capital Goods,INE508G01029,Micro Cap,false,false,Listed
TIMEX,Timex Group India Ltd,Unknown,Unknown,INE064A01026,Unknown,false,false,Listed
TIMKEN,Timken India Ltd,Capital Goods,Capital Goods,INE325A01013,Small Cap,false,false,Listed
TINNARUBR,Tinna Rubber and Infrastructure Ltd,Unknown,Unknown,INE015C01016,Unknown,false,false,Listed
TIPSFILMS,Tips Films Ltd,Unknown,Unknown,INE0LQS01015,Unknown,false,false,Listed
TIPSMUSIC,Tips Music Ltd,Media Entertainment & Publication,Media Entertainment & Publication,INE716B01029,Micro Cap,false,false,Listed
TIRUMALCHM,Thirumalai Chemicals Ltd,Unknown,Unknown,INE338A01024,Unknown,false,false,Listed
TIRUPATIFL,Tirupati Forge Ltd,Unknown,Unknown,INE319Y01024,Unknown,false,false,Listed
TITAGARH,TITAGARH RAIL SYSTEMS Ltd,Capital Goods,Capital Goods,INE615H01020,Small Cap,false,false,Listed
TITAN,Titan Company Ltd,Consumer Durables,Consumer Durables,INE280A01028,Large Cap,true,false,Listed
TMB,Tamilnad Mercantile Bank Ltd,Financial Services,Financial Services,INE668A01016,Micro Cap,false,false,Listed
TMCV,Tata Motors Ltd,Capital Goods,Capital Goods,INE1TAE01010,Large Cap,false,true,Listed
TMPV,Tata Motors Passenger Vehicles Ltd,Automobile and Auto Components,Automobile and Auto Components,INE155A01022,Large Cap,true,false,Listed
TNPETRO,Tamilnadu PetroProducts Ltd,Unknown,Unknown,INE148A01019,Unknown,false,false,Listed
TNPL,Tamil Nadu Newsprint & Papers Ltd,Unknown,Unknown,INE107A01015,Unknown,false,false,Listed
TNTELE,Tamilnadu Telecommunication Ltd,Unknown,Unknown,INE141D01018,Unknown,false,false,Listed
TOLINS,Tolins Tyres Ltd,Unknown,Unknown,INE0RWQ01014,Unknown,false,false,Listed
TORNTPHARM,Torrent Pharmaceuticals Ltd,Healthcare,Healthcare,INE685A01028,Large Cap,false,true,Listed
TORNTPOWER,Torrent Power Ltd,Power,Power,INE813H01021,Mid Cap,false,false,Listed
TOTAL,Total Transport Systems Ltd,Unknown,Unknown,INE336X01012,Unknown,false,false,Listed
TOUCHWOOD,Touchwood Entertainment Ltd,Unknown,Unknown,INE486Y01013,Unknown,false,false,Listed
TPHQ,Teamo Productions HQ Ltd,Unknown,Unknown,INE065J01024,Unknown,false,false,Listed
TPLPLASTEH,TPL Plastech Ltd,Unknown,Unknown,INE413G01022,Unknown,false,false,Listed
TRACXN,Tracxn Technologies Ltd,Unknown,Unknown,INE0HMF01019,Unknown,false,false,Listed
TRANSPEK,Transpek Industry Ltd,Unknown,Unknown,INE687A01016,Unknown,false,false,Listed
TRANSRAILL,Transrail Lighting Ltd,Capital Goods,Capital Goods,INE454P01035,Micro Cap,false,false,Listed
TRAVELFOOD,Travel Food Services Ltd,Consumer Services,Consumer Services,INE103V01028,Small Cap,false,false,Listed
TREEHOUSE,Tree House Education & Accessories Ltd,Unknown,Unknown,INE040M01013,Unknown,false,false,Listed
TREJHARA,TREJHARA SOLUTIONS Ltd,Unknown,Unknown,INE00CA01015,Unknown,false,false,Listed
TREL,Transindia Real Estate Ltd,Unknown,Unknown,INE0O3901029,Unknown,false,false,Listed
TRENT,Trent Ltd,Consumer Services,Consumer Services,INE849A01020,Large Cap,true,false,Listed
TRF,TRF Ltd,Unknown,Unknown,INE391D01019,Unknown,false,false,Listed
TRIDENT,Trident Ltd,Textiles,Textiles,INE064C01022,Small Cap,false,false,Listed
TRIGYN,Trigyn Technologies Ltd,Unknown,Unknown,INE948A01012,Unknown,false,false,Listed
TRITURBINE,Triveni Turbine Ltd,Capital Goods,Capital Goods,INE152M01016,Small Cap,false,false,Listed
TRIVENI,Triveni Engineering & Industries Ltd,Fast Moving Consumer Goods,Fast Moving Consumer Goods,INE256C01024,Micro Cap,false,false,Listed
TRU,TruCap Finance Ltd,Unknown,Unknown,INE615R01029,Unknown,false,false,Listed
TRUALT,TruAlt Bioenergy Ltd,Unknown,Unknown,INE0MWH01014,Unknown,false,false,Listed
TSFINV,TSF INVESTMENTS Ltd,Financial Services,Financial Services,INE202Z01029,Micro Cap,false,false,Listed
TTKHLTCARE,TTK Healthcare Ltd,Unknown,Unknown,INE910C01018,Unknown,false,false,Listed
TTKPRESTIG,TTK Prestige Ltd,Unknown,Unknown,INE690A01028,Unknown,false,false,Listed
TTL,T T Ltd,Unknown,Unknown,INE592B01024,Unknown,false,false,Listed
TTML,Tata Teleservices (Maharashtra) Ltd,Telecommunication,Telecommunication,INE517B01013,Small Cap,false,false,Listed
TURTLEMINT,Turtlemint Fintech Solutions Ltd,Unknown,Unknown,INE0OC301013,Unknown,false,false,Listed
TVSELECT,TVS Electronics Ltd,Unknown,Unknown,INE236G01019,Unknown,false,false,Listed
TVSHLTD,TVS Holdings Ltd,Unknown,Unknown,INE105A01035,Unknown,false,false,Listed
TVSMOTOR,TVS Motor Company Ltd,Automobile and Auto Components,Automobile and Auto Components,INE494B01023,Large Cap,false,true,Listed
TVSSCS,TVS Supply Chain Solutions Ltd,Services,Services,INE395N01027,Micro Cap,false,false,Listed
TVSSRICHAK,TVS Srichakra Ltd,Unknown,Unknown,INE421C01016,Unknown,false,false,Listed
TVTODAY,TV Today Network Ltd,Unknown,Unknown,INE038F01029,Unknown,false,false,Listed
TVVISION,TV Vision Ltd,Unknown,Unknown,INE871L01013,Unknown,false,false,Listed
UBL,United Breweries Ltd,Fast Moving Consumer Goods,Fast Moving Consumer Goods,INE686F01025,Mid Cap,false,false,Listed
UCAL,UCAL Ltd,Unknown,Unknown,INE139B01016,Unknown,false,false,Listed
UCOBANK,UCO Bank,Financial Services,Financial Services,INE691A01018,Small Cap,false,false,Listed
UDS,Updater Services Ltd,Unknown,Unknown,INE851I01011,Unknown,false,false,Listed
UEL,Ujaas Energy Ltd,Unknown,Unknown,INE899L01030,Unknown,false,false,Listed
UFBL,United Foodbrands Ltd,Unknown,Unknown,INE382M01027,Unknown,false,false,Listed
UFLEX,UFLEX Ltd,Unknown,Unknown,INE516A01017,Unknown,false,false,Listed
UFO,UFO Moviez India Ltd,Unknown,Unknown,INE527H01019,Unknown,false,false,Listed
UGARSUGAR,The Ugar Sugar Works Ltd,Unknown,Unknown,INE071E01023,Unknown,false,false,Listed
UGROCAP,Ugro Capital Ltd,Unknown,Unknown,INE583D01011,Unknown,false,false,Listed
UJJIVANSFB,Ujjivan Small Finance Bank Ltd,Financial Services,Financial Services,INE551W01018,Micro Cap,false,false,Listed
ULTRACEMCO,UltraTech Cement Ltd,Construction Materials,Construction Materials,INE481G01011,Large Cap,true,false,Listed
ULTRAMAR,Ultramarine & Pigments Ltd,Unknown,Unknown,INE405A01021,Unknown,false,false,Listed
UMESLTD,Usha Martin Education & Solutions Ltd,Unknown,Unknown,INE240C01028,Unknown,false,false,Listed
UMIYA-MRO,UMIYA BUILDCON Ltd,Unknown,Unknown,INE398B01018,Unknown,false,false,Listed
UNICHEMLAB,Unichem Laboratories Ltd,Unknown,Unknown,INE351A01035,Unknown,false,false,Listed
UNIECOM,Unicommerce Esolutions Ltd,Unknown,Unknown,INE00U401027,Unknown,false,false,Listed
UNIENTER,Uniphos Enterprises Ltd,Unknown,Unknown,INE037A01022,Unknown,false,false,Listed
UNIMECH,Unimech Aerospace and Manufacturing Ltd,Unknown,Unknown,INE0U3I01011,Unknown,false,false,Listed
UNIONBANK,Union Bank of India,Financial Services,Financial Services,INE692A01016,Large Cap,false,true,Listed
UNIPARTS,Uniparts India Ltd,Unknown,Unknown,INE244O01017,Unknown,false,false,Listed
UNITDSPR,United Spirits Ltd,Fast Moving Consumer Goods,Fast Moving Consumer Goods,INE854D01024,Large Cap,false,true,Listed
UNITECH,Unitech Ltd,Unknown,Unknown,INE694A01020,Unknown,false,false,Listed
UNITEDTEA,The United Nilgiri Tea Estates Company Ltd,Unknown,Unknown,INE458F01011,Unknown,false,false,Listed
UNIVCABLES,Universal Cables Ltd,Unknown,Unknown,INE279A01012,Unknown,false,false,Listed
UNOMINDA,UNO Minda Ltd,Automobile and Auto Components,Automobile and Auto Components,INE405E01023,Mid Cap,false,false,Listed
UPL,UPL Ltd,Chemicals,Chemicals,INE628A01036,Mid Cap,false,false,Listed
URBANCO,Urban Company Ltd,Consumer Services,Consumer Services,INE0CAZ01013,Small Cap,false,false,Listed
URJA,Urja Global Ltd,Unknown,Unknown,INE550C01020,Unknown,false,false,Listed
USHAMART,Usha Martin Ltd,Capital Goods,Capital Goods,INE228A01035,Small Cap,false,false,Listed
USK,Udayshivakumar Infra Ltd,Unknown,Unknown,INE0N0Y01013,Unknown,false,false,Listed
UTIAMC,UTI Asset Management Company Ltd,Financial Services,Financial Services,INE094J01016,Small Cap,false,false,Listed
UTKARSHBNK,Utkarsh Small Finance Bank Ltd,Unknown,Unknown,INE735W01017,Unknown,false,false,Listed
UTLSOLAR,Fujiyama Power Systems Ltd,Capital Goods,Capital Goods,INE12UR01024,Micro Cap,false,false,Listed
UTTAMSUGAR,Uttam Sugar Mills Ltd,Unknown,Unknown,INE786F01031,Unknown,false,false,Listed
UYFINCORP,U. Y. Fincorp Ltd,Unknown,Unknown,INE152C01025,Unknown,false,false,Listed
V2RETAIL,V2 Retail Ltd,Consumer Services,Consumer Services,INE945H01021,Micro Cap,false,false,Listed
VADILALIND,Vadilal Industries Ltd,Unknown,Unknown,INE694D01016,Unknown,false,false,Listed
VAIBHAVGBL,Vaibhav Global Ltd,Consumer Durables,Consumer Durables,INE884A01027,Micro Cap,false,false,Listed
VAKRANGEE,Vakrangee Ltd,Unknown,Unknown,INE051B01021,Unknown,false,false,Listed
VAML,Vedanta Aluminium Metal Ltd,Unknown,Unknown,INE1CDF01017,Unknown,false,false,Listed
VARDMNPOLY,Vardhman Polytex Ltd,Unknown,Unknown,INE835A01029,Unknown,false,false,Listed
VARROC,Varroc Engineering Ltd,Automobile and Auto Components,Automobile and Auto Components,INE665L01035,Micro Cap,false,false,Listed
VASWANI,Vaswani Industries Ltd,Unknown,Unknown,INE590L01019,Unknown,false,false,Listed
VBL,Varun Beverages Ltd,Fast Moving Consumer Goods,Fast Moving Consumer Goods,INE200M01039,Large Cap,false,true,Listed
VCL,Vaxtex Cotfab Ltd,Unknown,Unknown,INE098201036,Unknown,false,false,Listed
VEDL,Vedanta Ltd,Metals & Mining,Metals & Mining,INE205A01025,Large Cap,false,true,Listed
VEDPOWER,Vedanta Power Ltd,Unknown,Unknown,INE694L01019,Unknown,false,false,Listed
VEEDOL,Veedol Corporation Ltd,Unknown,Unknown,INE484C01030,Unknown,false,false,Listed
VENKEYS,Venky's (India) Ltd,Unknown,Unknown,INE398A01010,Unknown,false,false,Listed
VENTIVE,Ventive Hospitality Ltd,Unknown,Unknown,INE781S01027,Unknown,false,false,Listed
VENUSPIPES,Venus Pipes & Tubes Ltd,Unknown,Unknown,INE0JA001018,Unknown,false,false,Listed
VERANDA,Veranda Learning Solutions Ltd,Unknown,Unknown,INE0IQ001011,Unknown,false,false,Listed
VESUVIUS,Vesuvius India Ltd,Unknown,Unknown,INE386A01023,Unknown,false,false,Listed
VGL,VARVEE GLOBAL Ltd,Unknown,Unknown,INE273D01027,Unknown,false,false,Listed
VGUARD,V-Guard Industries Ltd,Consumer Durables,Consumer Durables,INE951I01027,Micro Cap,false,false,Listed
VHL,Vardhman Holdings Ltd,Unknown,Unknown,INE701A01023,Unknown,false,false,Listed
VIDHIING,Vidhi Specialty Food Ingredients Ltd,Unknown,Unknown,INE632C01026,Unknown,false,false,Listed
VIDYAWIRES,Vidya Wires Ltd,Unknown,Unknown,INE14UN01029,Unknown,false,false,Listed
VIJAYA,Vijaya Diagnostic Centre Ltd,Healthcare,Healthcare,INE043W01024,Small Cap,false,false,Listed
VIKASECO,Vikas EcoTech Ltd,Unknown,Unknown,INE806A01020,Unknown,false,false,Listed
VIKASLIFE,Vikas Lifecare Ltd,Unknown,Unknown,INE161L01027,Unknown,false,false,Listed
VIKRAMSOLR,Vikram Solar Ltd,Capital Goods,Capital Goods,INE078V01014,Micro Cap,false,false,Listed
VIKRAN,Vikran Engineering Ltd,Unknown,Unknown,INE01R501028,Unknown,false,false,Listed
VIMTALABS,Vimta Labs Ltd,Unknown,Unknown,INE579C01029,Unknown,false,false,Listed
VINATIORGA,Vinati Organics Ltd,Unknown,Unknown,INE410B01037,Unknown,false,false,Listed
VINCOFE,Vintage Coffee And Beverages Ltd,Unknown,Unknown,INE498Q01014,Unknown,false,false,Listed
VINDHYATEL,Vindhya Telelinks Ltd,Unknown,Unknown,INE707A01012,Unknown,false,false,Listed
VINNY,Vinny Overseas Ltd,Unknown,Unknown,INE01KI01027,Unknown,false,false,Listed
VINYLINDIA,Vinyl Chemicals (India) Ltd,Unknown,Unknown,INE250B01029,Unknown,false,false,Listed
VIPIND,VIP Industries Ltd,Consumer Durables,Consumer Durables,INE054A01027,Micro Cap,false,false,Listed
VIPULLTD,Vipul Ltd,Unknown,Unknown,INE946H01037,Unknown,false,false,Listed
VIRINCHI,Virinchi Ltd,Unknown,Unknown,INE539B01017,Unknown,false,false,Listed
VISAKAIND,Visaka Industries Ltd,Unknown,Unknown,INE392A01021,Unknown,false,false,Listed
VISHNU,Vishnu Chemicals Ltd,Unknown,Unknown,INE270I01022,Unknown,false,false,Listed
VISHWARAJ,Vishwaraj Sugar Industries Ltd,Unknown,Unknown,INE430N01022,Unknown,false,false,Listed
VISL,Vedanta Iron and Steel Ltd,Unknown,Unknown,INE1CLE01013,Unknown,false,false,Listed
VIVIDHA,Visagar Polytex Ltd,Unknown,Unknown,INE370E01029,Unknown,false,false,Listed
VIYASH,Viyash Scientific Ltd,Healthcare,Healthcare,INE807F01027,Micro Cap,false,false,Listed
VLSFINANCE,VLS Finance Ltd,Unknown,Unknown,INE709A01018,Unknown,false,false,Listed
VMART,V-Mart Retail Ltd,Consumer Services,Consumer Services,INE665J01013,Micro Cap,false,false,Listed
VMM,Vishal Mega Mart Ltd,Consumer Services,Consumer Services,INE01EA01019,Mid Cap,false,false,Listed
VOEPL,Virtuoso Optoelectronics Ltd,Unknown,Unknown,INE0I0T01010,Unknown,false,false,Listed
VOGL,Vedanta Oil and Gas Ltd,Unknown,Unknown,INE704J01044,Unknown,false,false,Listed
VOLTAMP,Voltamp Transformers Ltd,Capital Goods,Capital Goods,INE540H01012,Micro Cap,false,false,Listed
VOLTAS,Voltas Ltd,Consumer Durables,Consumer Durables,INE226A01021,Mid Cap,false,false,Listed
VRAJ,Vraj Iron and Steel Ltd,Unknown,Unknown,INE0S2V01010,Unknown,false,false,Listed
VRLLOG,VRL Logistics Ltd,Unknown,Unknown,INE366I01010,Unknown,false,false,Listed
VSSL,Vardhman Special Steels Ltd,Unknown,Unknown,INE050M01012,Unknown,false,false,Listed
VSTIND,VST Industries Ltd,Unknown,Unknown,INE710A01016,Unknown,false,false,Listed
VSTL,Vibhor Steel Tubes Ltd,Unknown,Unknown,INE0QTF01015,Unknown,false,false,Listed
VSTTILLERS,V.S.T Tillers Tractors Ltd,Unknown,Unknown,INE764D01017,Unknown,false,false,Listed
VTL,Vardhman Textiles Ltd,Textiles,Textiles,INE825A01020,Small Cap,false,false,Listed
WAAREEENER,Waaree Energies Ltd,Capital Goods,Capital Goods,INE377N01017,Mid Cap,false,false,Listed
WAAREEINDO,Indosolar Ltd,Unknown,Unknown,INE866K01023,Unknown,false,false,Listed
WAAREERTL,Waaree Renewable Technologies Ltd,Capital Goods,Capital Goods,INE299N01021,Micro Cap,false,false,Listed
WABAG,VA Tech Wabag Ltd,Utilities,Utilities,INE956G01038,Micro Cap,false,false,Listed
WAKEFIT,Wakefit Innovations Ltd,Consumer Durables,Consumer Durables,INE0E7301029,Micro Cap,false,false,Listed
WALCHANNAG,Walchandnagar Industries Ltd,Unknown,Unknown,INE711A01022,Unknown,false,false,Listed
WANBURY,Wanbury Ltd,Unknown,Unknown,INE107F01022,Unknown,false,false,Listed
WCIL,Western Carriers (India) Ltd,Unknown,Unknown,INE0CJF01024,Unknown,false,false,Listed
WEALTH,Wealth First Portfolio Managers Ltd,Unknown,Unknown,INE658T01017,Unknown,false,false,Listed
WEBELSOLAR,Websol Energy System Ltd,Capital Goods,Capital Goods,INE855C01023,Micro Cap,false,false,Listed
WEIZMANIND,Weizmann Ltd,Unknown,Unknown,INE080A01014,Unknown,false,false,Listed
WEL,Wonder Electricals Ltd,Unknown,Unknown,INE02WG01024,Unknown,false,false,Listed
WELCORP,Welspun Corp Ltd,Capital Goods,Capital Goods,INE191B01025,Small Cap,false,false,Listed
WELENT,Welspun Enterprises Ltd,Construction,Construction,INE625G01013,Micro Cap,false,false,Listed
WELSPLSOL,Welspun Specialty Solutions Ltd,Unknown,Unknown,INE731F01037,Unknown,false,false,Listed
WELSPUNLIV,Welspun Living Ltd,Textiles,Textiles,INE192B01031,Small Cap,false,false,Listed
WENDT,Wendt (India) Ltd,Unknown,Unknown,INE274C01019,Unknown,false,false,Listed
WESTLIFE,WESTLIFE FOODWORLD Ltd,Consumer Services,Consumer Services,INE274F01020,Micro Cap,false,false,Listed
WEWORK,WeWork India Management Ltd,Services,Services,INE085001019,Micro Cap,false,false,Listed
WHEELS,Wheels India Ltd,Unknown,Unknown,INE715A01015,Unknown,false,false,Listed
WHIRLPOOL,Whirlpool of India Ltd,Consumer Durables,Consumer Durables,INE716A01013,Small Cap,false,false,Listed
WILLAMAGOR,Williamson Magor & Company Ltd,Unknown,Unknown,INE210A01017,Unknown,false,false,Listed
WINDLAS,Windlas Biotech Ltd,Unknown,Unknown,INE0H5O01029,Unknown,false,false,Listed
WINDMACHIN,Windsor Machines Ltd,Unknown,Unknown,INE052A01021,Unknown,false,false,Listed
WIPL,The Western India Plywoods Ltd,Unknown,Unknown,INE215F01023,Unknown,false,false,Listed
WIPRO,Wipro Ltd,Information Technology,Information Technology,INE075A01022,Large Cap,true,false,Listed
WOCKPHARMA,Wockhardt Ltd,Healthcare,Healthcare,INE049B01025,Small Cap,false,false,Listed
WONDERLA,Wonderla Holidays Ltd,Unknown,Unknown,INE066O01014,Unknown,false,false,Listed
WORTHPERI,Worth Peripherals Ltd,Unknown,Unknown,INE196Y01018,Unknown,false,false,Listed
WPIL,WPIL Ltd,Unknown,Unknown,INE765D01022,Unknown,false,false,Listed
WSI,W S Industries (I) Ltd,Unknown,Unknown,INE100D01014,Unknown,false,false,Listed
WSTCSTPAPR,West Coast Paper Mills Ltd,Unknown,Unknown,INE976A01021,Unknown,false,false,Listed
XCHANGING,Xchanging Solutions Ltd,Unknown,Unknown,INE692G01013,Unknown,false,false,Listed
XELPMOC,Xelpmoc Design And Tech Ltd,Unknown,Unknown,INE01P501012,Unknown,false,false,Listed
XPROINDIA,Xpro India Ltd,Unknown,Unknown,INE445C01015,Unknown,false,false,Listed
XTGLOBAL,Xtglobal Infotech Ltd,Unknown,Unknown,INE547B01028,Unknown,false,false,Listed
YASHO,Yasho Industries Ltd,Unknown,Unknown,INE616Z01012,Unknown,false,false,Listed
YATHARTH,Yatharth Hospital & Trauma Care Services Ltd,Healthcare,Healthcare,INE0JO301016,Micro Cap,false,false,Listed
YATRA,Yatra Online Ltd,Unknown,Unknown,INE0JR601024,Unknown,false,false,Listed
YESBANK,Yes Bank Ltd,Financial Services,Financial Services,INE528G01035,Mid Cap,false,false,Listed
YUKEN,Yuken India Ltd,Unknown,Unknown,INE384C01016,Unknown,false,false,Listed
ZAGGLE,Zaggle Prepaid Ocean Services Ltd,Information Technology,Information Technology,INE07K301024,Micro Cap,false,false,Listed
ZEEL,Zee Entertainment Enterprises Ltd,Media Entertainment & Publication,Media Entertainment & Publication,INE256A01028,Small Cap,false,false,Listed
ZEEMEDIA,Zee Media Corporation Ltd,Unknown,Unknown,INE966H01019,Unknown,false,false,Listed
ZENITHEXPO,Zenith Exports Ltd,Unknown,Unknown,INE058B01018,Unknown,false,false,Listed
ZENITHSTL,Zenith Steel Pipes & Industries Ltd,Unknown,Unknown,INE318D01020,Unknown,false,false,Listed
ZENSARTECH,Zensar Technologies Ltd,Information Technology,Information Technology,INE520A01027,Small Cap,false,false,Listed
ZENTEC,Zen Technologies Ltd,Capital Goods,Capital Goods,INE251B01027,Small Cap,false,false,Listed
ZFCVINDIA,ZF Commercial Vehicle Control Systems India Ltd,Automobile and Auto Components,Automobile and Auto Components,INE342J01019,Small Cap,false,false,Listed
ZFSTEERING,ZF Steering Gear (India) Ltd,Unknown,Unknown,INE116C01012,Unknown,false,false,Listed
ZODIACLOTH,Zodiac Clothing Company Ltd,Unknown,Unknown,INE206B01013,Unknown,false,false,Listed
ZOTA,Zota Health Care LImited,Unknown,Unknown,INE358U01012,Unknown,false,false,Listed
ZSARACOM,Saraswati Commercial India Ltd,Unknown,Unknown,INE967G01019,Unknown,false,false,Listed
ZUARI,Zuari Agro Chemicals Ltd,Unknown,Unknown,INE840M01016,Unknown,false,false,Listed
ZUARIIND,ZUARI INDUSTRIES Ltd,Unknown,Unknown,INE217A01012,Unknown,false,false,Listed
ZYDUSLIFE,Zydus Lifesciences Ltd,Healthcare,Healthcare,INE010B01027,Large Cap,false,true,Listed
ZYDUSWELL,Zydus Wellness Ltd,Fast Moving Consumer Goods,Fast Moving Consumer Goods,INE768C01028,Small Cap,false,false,Listed
